monarchrunid,monarchlocationid,uniqueid,order,behaviorclassification,date,time,datetime,duration,locationn,locatione,surface,landcoverclassification,steplength,bearing
17100a,17100a01,1,1,release,7/20/2017,8:55:00,2017-07-20t11:00:01,0:01:00,4662528.47,451813,vegetative wild bergamot,sod,2.4989998,199.88516511600
17100a,17100a02,2,2,rest,7/20/2017,8:55:00,2017-07-20t11:00:02,0:28:57,4662526.12,451812.15,grass,sod,,
17100b,17100b01,3,1,release,7/23/2017,9:37,2017-07-20t11:00:03,0:00:30,4668615.34,613114.04,vegetative wild bergamot,sod,11.00872381,46.91405663180
17100b,17100b02,4,2,rest,7/23/2017,9:37,2017-07-20t11:00:04,0:00:01,4668622.86,613122.08,grass,sod,,
17100c,17100c01,5,1,release,7/23/2017,9:41,2017-07-20t11:00:05,0:10:00,4668615.34,613114.04,vegetative wild bergamot,sod,,
17100d,17100c02,6,2,release,7/23/2017,9:41,2017-07-20t11:00:06,0:05:00,4668615.34,613114.04,vegetative wild bergamot,sod,1.828797419,128.56195047800
17100d,17100d03,7,3,rest,7/23/2017,9:53,2017-07-20t11:00:07,0:00:01,4668614.2,613115.47,grass,sod,,
17101a,17101a01,8,1,release,7/20/2017,7:59:00,2017-07-20t11:00:08,0:02:00,4662528.47,451813,vegetative wild bergamot,sod,1.312440475,197.74467162600
17101a,17101a02,9,2,rest,7/20/2017,7:59:00,2017-07-20t11:00:09,0:02:00,4662527.22,451812.6,grass,sod,5.511442642,111.72419150200
17101a,17101a03,10,3,rest,7/20/2017,7:59:00,2017-07-20t11:00:10,0:01:00,4662525.18,451817.72,grass,sod,3.243470364,87.34931031000
17101a,17101a04,11,4,rest,7/20/2017,7:59:00,2017-07-20t11:00:11,0:00:01,4662525.33,451820.96,grass,sod,2.704403816,99.14885297960
17101a,17101a05,12,5,rest,7/20/2017,7:59:00,2017-07-20t11:00:12,0:24:47,4662524.9,451823.63,grass,sod,,
17102a,17102a01,13,1,release,7/22/2017,10:42:00,2017-07-20t11:00:13,0:07:00,4668615.03,613084.84,vegetative wild bergamot,sod,,
17103a,17103a01,14,1,release,7/20/2017,8:43:00,2017-07-20t11:00:14,0:01:13,4662528.47,451813,vegetative wild bergamot,sod,4.378333016,176.46448039200
17103a,17103a02,15,2,rest,7/20/2017,8:43:00,2017-07-20t11:00:15,0:01:40,4662524.1,451813.27,grass ,sod,71.72083937,91.93363757980
17103a,17103a04,17,4,rest,7/20/2017,8:43:00,2017-07-20t11:00:17,0:00:01,4662521.68,451884.95,grass,sod,,
17106a,17106a01,18,1,release,7/22/2017,8:39:00,2017-07-20t11:00:18,0:08:00,4668614.02,613090.38,vegetative wild bergamot,sod,8.554677083,234.56353763900
17106a,17106a02,19,2,rest,7/22/2017,8:39:00,2017-07-20t11:00:19,0:05:00,4668609.06,613083.41,grass,sod,31.93734178,236.62340169700
17106a,17106a04,21,4,rest,7/22/2017,8:39:00,2017-07-20t11:00:21,0:19:00,4668591.49,613056.74,grass,sod,19.993684,107.67370834800
17106a,17106a05,22,5,rest,7/22/2017,8:39:00,2017-07-20t11:00:22,0:00:01,4668585.42,613075.79,grass,sod,,
17106b,17106b01,23,1,release,7/22/2017,9:14:00,2017-07-20t11:00:23,0:04:56,4668614.02,613090.38,vegetative wild bergamot,sod,4.950646423,83.62146621730
17106b,17106b02,24,2,feed,7/22/2017,9:14:00,2017-07-20t11:00:24,0:00:01,4668614.57,613095.3,resources: blazing star,sod,,
17106c,17106c01,25,1,release,7/22/2017,9:56:00,2017-07-20t11:00:25,0:01:56,4668614.02,613090.38,vegetative wild bergamot,sod,4.950646423,83.62146621730
17106c,17106c02,26,2,feed,7/22/2017,9:56:00,2017-07-20t11:00:26,0:00:01,4668614.57,613095.3,resources: blazing star,sod,,
17106d,17106d01,27,1,release,7/22/2017,10:02:00,2017-07-20t11:00:27,0:00:06,4668614.02,613090.38,vegetative wild bergamot,sod,4.950646423,83.62146621730
17106d,17106d02,28,2,feed,7/22/2017,10:02:00,2017-07-20t11:00:28,0:00:01,4668614.57,613095.3,resources: blazing star,sod,,
17106e,14106ee01,29,1,release,7/22/2017,10:03:00,2017-07-20t11:00:29,0:00:56,4668613.98,613085.44,vegetative wild bergamot,sod,9.877636357,86.57563386690
17106e,14106ee02,30,2,feed,7/22/2017,10:03:00,2017-07-20t11:00:30,0:00:01,4668614.57,613095.3,resources: blazing star,sod,,
17106f,17106f01,31,1,release,7/22/2017,10:07:00,2017-07-20t11:00:31,0:08:00,4668613.98,613085.44,vegetative wild bergamot,sod,,
17109a,17109a01,32,1,release,7/22/2017,11:50:00,2017-07-20t11:00:32,0:02:00,4668614.04,613085.42,vegetative wild bergamot,sod,116.8315163,107.14455385700
17109a,17109a02,33,2,rest,7/22/2017,11:50:00,2017-07-20t11:00:33,0:08:00,4668579.6,613197.06,grass,sod,136.1796468,82.48515145590
17109a,17109a03,34,3,fly,7/22/2017,11:50:00,2017-07-20t11:00:34,0:00:03,4668597.41,613332.07,air  cross edge,edge,,
17110a,17110a01,36,1,release,7/23/2017,10:30,2017-07-20t11:00:36,0:00:30,4668615.4,613114.11,vegetative wild bergamot,sod,42.27446629,147.66705992600
17110a,17110a02,37,2,rest,7/23/2017,10:30,2017-07-20t11:00:37,0:00:01,4668579.68,613136.72,grass,sod,,
17110b,17110b01,38,1,release,7/23/2017,10:35,2017-07-20t11:00:38,0:00:01,4668614.91,613104.49,potted blazing star,sod,169.8489553,140.07781270400
17110b,17110b02,39,2,rest,7/23/2017,10:35,2017-07-20t11:00:39,0:00:01,4668484.65,613213.49,corn,corn,,
17111a,17111a01,40,1,release,7/22/2017,1:41:00,2017-07-20t11:00:40,0:02:00,4668613.74,613063.52,vegetative wild bergamot,sod,7.137632661,177.35005278800
17111a,17111a02,41,2,rest,7/22/2017,1:41:00,2017-07-20t11:00:41,0:01:00,4668606.61,613063.85,grass,sod,4.351976562,27.50713736380
17111a,17111a03,42,3,rest,7/22/2017,1:41:00,2017-07-20t11:00:42,0:00:01,4668610.47,613065.86,grass,sod,,
17111b,17111b01,43,1,release,7/22/2017,1:47:00,2017-07-20t11:00:43,0:01:00,4668613.9,613063.41,vegetative wild bergamot,sod,92.87336001,32.52134714080
17111b,17111b02,44,2,rest,7/22/2017,1:47:00,2017-07-20t11:00:44,0:01:00,4668692.21,613113.34,grass,sod,40.01741246,24.61814156610
17111b,17111b03,45,3,rest,7/22/2017,1:47:00,2017-07-20t11:00:45,0:00:01,4668728.59,613130.01,grass,sod,,
17111c,17111c01,46,1,release,7/23/2017,10:10,2017-07-20t11:00:46,0:10:00,4668614.91,613104.49,vegetative wild bergamot,sod,,
17113a,17113a01,47,1,release,7/23/2017,8:18:00,2017-07-20t11:00:47,0:00:30,4668615.17,613109.92,vegetative wild bergamot,sod,24.83453241,99.12854943040
17113a,17113a02,48,2,rest,7/23/2017,8:18:00,2017-07-20t11:00:48,0:00:01,4668611.23,613134.44,grass,sod,,
17113b,17113b01,49,1,release,7/23/2017,8:24:00,2017-07-20t11:00:49,0:00:30,4668615.17,613109.92,vegetative wild bergamot,sod,11.88246607,79.67358944560
17113b,17113b02,50,2,rest,7/23/2017,8:24:00,2017-07-20t11:00:50,0:00:30,4668617.3,613121.61,grass,sod,14.46390335,77.29932694850
17113b,17113b03,51,3,rest,7/23/2017,8:24:00,2017-07-20t11:00:51,0:00:01,4668620.48,613135.72,grass,sod,,
17113c,17113c01,52,1,release,7/23/2017,8:32:00,2017-07-20t11:00:52,0:01:00,4668614.8,613099.43,vegetative wild bergamot,sod,35.69328228,78.52636574340
17113c,17113c02,53,2,rest,7/23/2017,8:32:00,2017-07-20t11:00:53,0:00:01,4668621.9,613134.41,grass,sod,,
17113d,17113d01,54,1,release,7/23/2017,8:37:00,2017-07-20t11:00:54,0:16:00,4668614.8,613099.43,vegetative wild bergamot,sod,19.95323031,80.33468625940
17113d,17113d03,56,3,rest,7/23/2017,8:37:00,2017-07-20t11:00:56,0:00:01,4668618.15,613119.1,grass,sod,,
17115a,17115a01,57,1,release,7/24/2017,10:43,2017-07-20t11:00:57,0:02:00,4662549.3,451798.98,vegetative wild bergamot,sod,5.396044848,216.63629865200
17115a,17115a02,58,2,rest,7/24/2017,10:43,2017-07-20t11:00:58,0:00:15,4662544.97,451795.76,grass,sod,8.822000907,216.84391906000
17115a,17115a03,59,3,rest,7/24/2017,10:43,2017-07-20t11:00:59,0:00:15,4662537.91,451790.47,grass,sod,7.08297254,184.61585128600
17115a,17115a04,60,4,rest,7/24/2017,10:43,2017-07-20t11:01:00,0:00:01,4662530.85,451789.9,grass,sod,,
17115b,17115b01,61,1,release,7/24/2017,10:46,2017-07-20t11:01:01,0:00:30,4662549.3,451798.98,vegetative wild bergamot,sod,432.8496119,185.31295181200
17115b,17115b03,63,3,fly,7/24/2017,10:46,2017-07-20t11:01:03,0:00:01,4662118.31,451758.9,air  lost signal,na,,
17123a,17123a01,64,1,release,7/24/2017,12:10,2017-07-20t11:01:04,0:02:00,4662550.86,451776.56,vegetative wild bergamot,sod,9.715950803,87.99458194750
17123a,17123a02,65,2,rest,7/24/2017,12:10,2017-07-20t11:01:05,0:03:00,4662551.2,451786.27,grass,sod,72.21368361,148.77090523100
17123a,17123a03,66,3,fly,7/24/2017,12:10,2017-07-20t11:01:06,0:00:01,4662489.45,451823.71,air,sod,,
17127a,17127a01,67,1,release,7/25/2017,9:57,2017-07-20t11:01:07,0:01:30,4662532.08,451810.63,vegetative wild bergamot,sod,38.89893572,290.05609473600
17127a,17127a02,68,2,fly,7/25/2017,9:57,2017-07-20t11:01:08,0:00:01,4662545.42,451774.09,air,sod,,
17127b,17127b01,69,1,release,7/25/2017,10:08,2017-07-20t11:01:09,0:01:30,4662532.08,451810.63,vegetative wild bergamot,sod,26.87879834,280.00551015600
17127b,17127b02,70,2,fly,7/25/2017,10:08,2017-07-20t11:01:10,0:00:01,4662536.75,451784.16,air,sod,,
17127c,17127c01,71,1,release,7/25/2017,10:17,2017-07-20t11:01:11,0:01:30,4662532.08,451810.63,vegetative wild bergamot,sod,121.8637834,358.00610863200
17127c,17127c02,72,2,fly,7/25/2017,10:17,2017-07-20t11:01:12,0:00:01,4662653.87,451806.39,air  cross edge,edge,,
17134a,17134a01,73,1,release,7/27/2017,11:31,2017-07-20t11:01:13,0:01:00,4662542.45,451812.72,vegetative wild bergamot,sod,7.391380115,6.75965133690
17134a,17134a02,74,2,rest,7/27/2017,11:31,2017-07-20t11:01:14,0:01:00,4662549.79,451813.59,grass,sod,14.17640293,23.70806160230
17134a,17134a03,75,3,rest,7/27/2017,11:31,2017-07-20t11:01:15,0:01:00,4662562.77,451819.29,grass,sod,2.308267749,338.65952811600
17134a,17134a04,76,4,rest,7/27/2017,11:31,2017-07-20t11:01:16,0:01:00,4662564.92,451818.45,grass,sod,6.251151894,349.67875754400
17134a,17134a05,77,5,rest,7/27/2017,11:31,2017-07-20t11:01:17,0:00:30,4662571.07,451817.33,grass,sod,443.487471,195.01297375300
17134a,17134a06,78,6,rest,7/27/2017,11:31,2017-07-20t11:01:18,0:45:00,4662142.72,451702.45,tree,riparian,,
17135a,17135a01,79,1,release,7/27/2017,10:06,2017-07-20t11:01:19,0:00:10,4662542.45,451812.72,vegetative wild bergamot,sod,5.687925808,247.89930087900
17135a,17135a02,80,2,rest,7/27/2017,10:06,2017-07-20t11:01:20,0:03:00,4662540.31,451807.45,grass,sod,,
17135b,17135b01,81,1,release,7/27/2017,10:10,2017-07-20t11:01:21,0:00:10,4662542.45,451812.72,vegetative wild bergamot,sod,20.21728468,177.02296091100
17135b,17135b02,82,2,rest,7/27/2017,10:10,2017-07-20t11:01:22,0:03:00,4662522.26,451813.77,grass,sod,,
17137a,17137a01,83,1,release,7/27/2017,10:21,2017-07-20t11:01:23,0:00:10,4662517.17,451811.05,vegetative wild bergamot,sod,1.990075375,264.23211109700
17137a,17137a02,84,2,rest,7/27/2017,10:21,2017-07-20t11:01:24,0:03:00,4662516.97,451809.07,grass,sod,13.30444287,218.65308260900
17137a,17137a03,85,3,rest,7/27/2017,10:21,2017-07-20t11:01:25,0:00:01,4662506.58,451800.76,grass,sod,,
17137b,17137b01,86,1,release,7/27/2017,10:26,2017-07-20t11:01:26,0:00:10,4662517.17,451811.05,vegetative wild bergamot,sod,4.522941521,208.09484190000
17137b,17137b02,87,2,rest,7/27/2017,10:26,2017-07-20t11:01:27,0:00:01,4662513.18,451808.92,grass,sod,,
17137c,17137c01,88,1,release,7/27/2017,10:42,2017-07-20t11:01:28,0:00:10,4662517.17,451811.05,vegetative wild bergamot,sod,2.039436197,238.02439629800
17137c,17137c02,89,2,rest,7/27/2017,10:42,2017-07-20t11:01:29,0:01:00,4662516.09,451809.32,grass,sod,,
17139a,17139a01,90,1,release,7/28/2017,10:37,2017-07-20t11:01:30,0:01:00,4662517.26,451811.04,vegetative wild bergamot,sod,0.588982173,40.17923391060
17139a,17139a02,91,2,rest,7/28/2017,10:37,2017-07-20t11:01:31,0:01:00,4662517.71,451811.42,grass,sod,3.763841123,77.88397894880
17139a,17139a03,92,3,rest,7/28/2017,10:37,2017-07-20t11:01:32,0:01:00,4662518.5,451815.1,grass,sod,6.610975722,114.20008338100
17139a,17139a04,93,4,rest,7/28/2017,10:37,2017-07-20t11:01:33,0:00:01,4662515.79,451821.13,bare ground,sod,,
17139b,17139b01,94,1,release,7/28/2017,10:41,2017-07-20t11:01:34,0:01:00,4662517.26,451811.04,vegetative wild bergamot,sod,14.19239585,235.88444887100
17139b,17139b02,95,2,rest,7/28/2017,10:41,2017-07-20t11:01:35,0:00:01,4662509.3,451799.29,grass,sod,,
17142a,17142a01,96,1,release,7/28/2017,10:26,2017-07-20t11:01:36,0:00:30,4662561.73,451812.79,vegetative wild bergamot,sod,43.40843351,52.87403648650
17142a,17142a02,97,2,rest,7/28/2017,10:26,2017-07-20t11:01:37,0:00:01,4662587.93,451847.4,grass,sod,,
17144a,17144a01,98,1,release,7/27/2017,10:56,2017-07-20t11:01:38,0:01:00,4662561.96,451812.8,vegetative wild bergamot,sod,1.089311709,133.51213247000
17144a,17144a02,99,2,rest,7/27/2017,10:56,2017-07-20t11:01:39,0:04:00,4662561.21,451813.59,grass,sod,3.992054608,175.54625548800
17144a,17144a03,100,3,rest,7/27/2017,10:56,2017-07-20t11:01:40,0:00:01,4662557.23,451813.9,grass,sod,,
17144b,17144b01,101,1,release,7/27/2017,11:03,2017-07-20t11:01:41,0:01:00,4662561.96,451812.8,vegetative wild bergamot,sod,3.002215849,200.06463147800
17144b,17144b02,102,2,rest,7/27/2017,11:03,2017-07-20t11:01:42,0:00:01,4662559.14,451811.77,grass,sod,,
17145a,17145a01,103,1,release,7/28/2017,10:03,2017-07-20t11:01:43,0:16:00,4662561.73,451812.79,vegetative wild bergamot,sod,,
17146a,17145a02,104,2,release,7/27/2017,11:14,2017-07-20t11:01:44,0:00:10,4662542.45,451812.72,vegetative wild bergamot,sod,47.61953591,219.37575681900
17146a,17145a03,105,3,rest,7/27/2017,11:14,2017-07-20t11:01:45,0:00:01,4662505.64,451782.51,grass,sod,,
17146b,17146b01,106,1,release,7/27/2017,11:17,2017-07-20t11:01:46,0:00:10,4662542.45,451812.72,vegetative wild bergamot,sod,21.68769236,104.25409709300
17146b,17146b02,107,2,grass,7/27/2017,11:17,2017-07-20t11:01:47,0:00:01,4662537.11,451833.74,grass,sod,,
17149a,17149a01,108,1,release,7/27/2017,9:50,2017-07-20t11:01:48,0:00:10,4662517.17,451811.05,vegetative wild bergamot,sod,13.82434085,195.52411099600
17149a,17149a02,109,2,rest,7/27/2017,9:50,2017-07-20t11:01:49,0:01:30,4662503.85,451807.35,grass,sod,92.84104103,311.34499745500
17149a,17149a03,110,3,fly,7/27/2017,9:50,2017-07-20t11:01:50,0:00:01,4662565.18,451737.65,air,sod,,
17150a,17150a01,111,1,release,7/28/2017,8:49,2017-07-20t11:01:51,0:00:10,4662542.4,451812.77,vegetative wild bergamot,sod,2.715326868,326.71959909000
17150a,17150a02,112,2,rest,7/28/2017,8:49,2017-07-20t11:01:52,0:00:10,4662544.67,451811.28,grass,sod,4.022747817,175.43743681000
17150a,17150a03,113,3,rest,7/28/2017,8:49,2017-07-20t11:01:53,0:00:10,4662540.66,451811.6,grass,sod,5.527675823,243.80579011000
17150a,17150a04,114,4,rest,7/28/2017,8:49,2017-07-20t11:01:54,0:00:10,4662538.22,451806.64,grass,sod,16.2987883,300.24631557500
17150a,17150a05,115,5,rest,7/28/2017,8:49,2017-07-20t11:01:55,0:00:01,4662546.43,451792.56,grass,sod,,
17151a,17151a01,116,1,release,7/29/2017,1:22,2017-07-20t11:01:56,0:00:10,4668649.34,613158.22,vegetative wild bergamot,sod,16.07844831,235.87505824900
17151a,17151a02,117,2,rest,7/29/2017,1:22,2017-07-20t11:01:57,0:01:30,4668640.32,613144.91,grass,sod,,
17153a,17153a01,118,1,release,7/29/2017,1:38,2017-07-20t11:01:58,0:01:00,4668649.34,613158.22,vegetative wild bergamot,sod,252.5000792,230.73773467000
17153a,17153a02,119,2,rest,7/29/2017,1:38,2017-07-20t11:01:59,0:00:01,4668489.54,612962.72,corn,corn,13.83159427,54.00003649030
17153a,17153a03,120,3,fly,7/29/2017,1:38,2017-07-20t11:02:00,0:00:01,4668497.67,612973.91,air,roadside,,
17154a,17154a01,121,1,release,7/29/2017,10:50,2017-07-20t11:02:01,0:00:45,4668620.54,613123.02,vegetative wild bergamot,sod,644.5185345,257.99390515700
17154a,17154a02,122,2,fly,7/29/2017,10:50,2017-07-20t11:02:02,0:00:01,4668486.47,612492.6,air  lost,corn,,
17159a,17159a01,123,1,release,7/29/2017,10:13,2017-07-20t11:02:03,0:01:00,4668649.34,613158.22,vegetative wild bergamot,sod,3.633469417,288.28535183600
17159a,17159a02,124,2,rest,7/29/2017,10:13,2017-07-20t11:02:04,0:01:00,4668650.48,613154.77,grass,sod,4.18592881,206.68747786900
17159a,17159a03,125,3,rest,7/29/2017,10:13,2017-07-20t11:02:05,0:01:00,4668646.74,613152.89,grass,sod,6.730713187,296.18435392400
17159a,17159a04,126,4,rest,7/29/2017,10:13,2017-07-20t11:02:06,0:00:10,4668649.71,613146.85,grass,sod,22.02449999,290.04756119000
17159a,17159a07,129,7,rest,7/29/2017,10:13,2017-07-20t11:02:09,0:03:00,4668657.26,613126.16,grass,sod,,
17159b,17159b01,130,1,release,7/29/2017,10:21,2017-07-20t11:02:10,0:01:00,4668649.34,613158.22,vegetative wild bergamot,sod,10.94412171,235.04658014300
17159b,17159b02,131,2,rest,7/29/2017,10:21,2017-07-20t11:02:11,0:00:01,4668643.07,613149.25,grass,sod,,
17160a,17160a01,132,1,release,7/29/2017,9:53,2017-07-20t11:02:12,0:10:00,4668649.34,613158.22,vegetative wild bergamot,sod,,
17161a,17160a02,133,2,release,7/29/2017,2:07,2017-07-20t11:02:13,0:12:00,4668649.34,613158.22,vegetative wild bergamot,sod,,
17164a,17164a01,134,1,release,7/29/2017,10:31,2017-07-20t11:02:14,0:06:00,4668636.53,613142.65,vegetative wild bergamot,sod,23.7026412,225.34185620300
17164a,17164a02,135,2,rest,7/29/2017,10:31,2017-07-20t11:02:15,0:04:00,4668619.87,613125.79,grass,sod,,
17166a,17166a01,136,1,release,7/29/2017,1:56,2017-07-20t11:02:16,0:01:30,4668649.34,613158.22,vegetative wild bergamot,sod,2.412985702,235.98065001800
17166a,17166a02,137,2,fly,7/29/2017,1:56,2017-07-20t11:02:17,0:00:01,4668647.99,613156.22,air,sod,,
17171a,17171a01,138,1,release,7/30/2017,9:57,2017-07-20t11:02:18,0:01:17,4668650.73,613168.52,vegetative wild bergamot,sod,151.0723833,34.02351512100
17171a,17171a02,139,2,fly,7/30/2017,9:57,2017-07-20t11:02:19,0:00:01,4668775.94,613253.05,air,sod,,
17172a,17172a01,140,1,release,7/30/2017,11:02,2017-07-20t11:02:20,0:08:00,4668650.73,613168.52,vegetative wild bergamot,sod,691.2350107,342.99112052900
17172a,17172a03,142,3,rest,7/30/2017,11:02,2017-07-20t11:02:22,0:15:00,4669311.73,612966.32,grass,roadside,800.5686322,357.69342855300
17172a,17172a04,143,4,fly,7/30/2017,11:02,2017-07-20t11:02:23,0:00:01,4670111.65,612934.1,air  lost signal,soy,,
17176a,17176a01,144,1,release,7/29/2017,1:10,2017-07-20t11:02:24,0:03:30,4668649.34,613158.22,vegetative wild bergamot,sod,34.43288109,321.82875461100
17176a,17176a02,145,2,fly,7/29/2017,1:10,2017-07-20t11:02:25,0:00:01,4668676.41,613136.94,air,sod,,
17177a,17177a01,146,1,release,7/30/2017,9:13,2017-07-20t11:02:26,0:12:00,4668650.73,613168.52,vegetative wild bergamot,sod,,
17179a,17179a01,147,1,release,7/30/2017,10:24,2017-07-20t11:02:27,0:00:45,4668650.73,613168.52,vegetative wild bergamot,sod,3.584034039,9.96167645181
17179a,17179a02,148,2,rest,7/30/2017,10:24,2017-07-20t11:02:28,0:00:45,4668654.26,613169.14,grass,sod,3.27299557,55.58163551240
17179a,17179a03,149,3,rest,7/30/2017,10:24,2017-07-20t11:02:29,0:00:45,4668656.11,613171.84,grass,sod,7.435657335,339.61530950500
17179a,17179a04,150,4,rest,7/30/2017,10:24,2017-07-20t11:02:30,0:00:45,4668663.08,613169.25,grass,sod,8.250484834,285.24902794300
17179a,17179a05,151,5,rest,7/30/2017,10:24,2017-07-20t11:02:31,0:00:45,4668665.25,613161.29,grass,sod,10.15001478,265.59263576800
17179a,17179a06,152,6,rest,7/30/2017,10:24,2017-07-20t11:02:32,0:00:45,4668664.47,613151.17,grass,sod,8.434293094,252.18804035000
17179a,17179a07,153,7,rest,7/30/2017,10:24,2017-07-20t11:02:33,0:00:45,4668661.89,613143.14,grass,sod,8.196566354,259.52634280200
17179a,17179a08,154,8,rest,7/30/2017,10:24,2017-07-20t11:02:34,0:00:45,4668660.4,613135.08,grass,sod,11.59114317,280.68949481300
17179a,17179a09,155,9,rest,7/30/2017,10:24,2017-07-20t11:02:35,0:00:45,4668662.55,613123.69,grass,sod,6.774215822,275.76108882300
17179a,17179a10,156,10,rest,7/30/2017,10:24,2017-07-20t11:02:36,0:00:45,4668663.23,613116.95,grass,sod,6.175710485,263.02458064700
17179a,17179a11,157,11,rest,7/30/2017,10:24,2017-07-20t11:02:37,0:00:45,4668662.48,613110.82,grass,sod,6.591282121,271.13011917600
17179a,17179a12,158,12,rest,7/30/2017,10:24,2017-07-20t11:02:38,0:00:45,4668662.61,613104.23,grass,sod,19.78824398,290.37643521300
17179a,17179a13,159,13,rest,7/30/2017,10:24,2017-07-20t11:02:39,0:00:45,4668669.5,613085.68,grass,sod,,
17179b,17179b01,160,1,release,7/30/2017,10:39,2017-07-20t11:02:40,0:09:00,4668650.73,613168.52,vegetative wild bergamot,sod,1.500833101,6.88825827776
17179b,17179b02,161,2,rest,7/30/2017,10:39,2017-07-20t11:02:41,0:00:30,4668652.22,613168.7,grass,sod,2.589903473,239.87095735900
17179b,17179b03,162,3,rest,7/30/2017,10:39,2017-07-20t11:02:42,0:00:30,4668650.92,613166.46,grass,sod,2.393846278,194.26844393500
17179b,17179b04,163,4,rest,7/30/2017,10:39,2017-07-20t11:02:43,0:00:30,4668648.6,613165.87,grass,sod,18.00881173,247.02282116900
17179b,17179b05,164,5,rest,7/30/2017,10:39,2017-07-20t11:02:44,0:00:01,4668641.57,613149.29,grass,sod,,
17181a,17181a01,165,1,release,7/30/2017,10:11,2017-07-20t11:02:45,0:01:00,4668650.73,613168.52,vegetative wild bergamot,sod,2.325725693,30.20323775610
17181a,17181a02,166,2,rest,7/30/2017,10:11,2017-07-20t11:02:46,0:00:30,4668652.74,613169.69,grass,sod,24.57454984,116.77358812600
17181a,17181a03,167,3,fly,7/30/2017,10:11,2017-07-20t11:02:47,0:00:01,4668641.67,613191.63,air,sod,,
17182a,17182a01,168,1,release,7/30/2017,9:34,2017-07-20t11:02:48,0:12:00,4668650.73,613168.52,vegetative wild bergamot,sod,,
17184a,17184a01,169,1,release,7/31/2017,12:41:00,2017-07-20t11:02:49,0:02:00,4649087.15,445305.21,vegetative wild bergamot,pasture,156.8545677,65.49860677010
17184a,17184a02,170,2,rest,7/31/2017,12:41:00,2017-07-20t11:02:50,0:10:00,4649152.2,445447.94,tree,roadside,,
17186a,17186a01,171,1,release,8/2/2017,10:39:00,2017-07-20t11:02:51,0:00:15,4649065.09,445323.62,vegetative wild bergamot,pasture,35.1572937,273.79998206500
17186a,17186a02,172,2,feed,8/2/2017,10:39:00,2017-07-20t11:02:52,0:00:01,4649067.42,445288.54,red clover,pasture,,
17186b,17186b01,173,1,release,8/2/2017,10:41:00,2017-07-20t11:02:53,0:00:22,4649065.09,445323.62,vegetative wild bergamot,pasture,40.84018854,255.11647915800
17186b,17186b02,174,2,rest,8/2/2017,10:41:00,2017-07-20t11:02:54,0:00:01,4649054.6,445284.15,grass,pasture,18.77234402,200.35599842100
17186b,17186b03,175,3,feed,8/2/2017,10:41:00,2017-07-20t11:02:55,0:00:01,4649037,445277.62,red clover,pasture,,
17186c,17186c01,176,1,release,8/2/2017,10:44:00,2017-07-20t11:02:56,0:00:29,4649065.09,445323.62,vegetative wild bergamot,pasture,97.15113381,202.46289806000
17186c,17186c02,177,2,lost,8/2/2017,10:44:00,2017-07-20t11:02:57,0:00:01,4648975.31,445286.5,air  last visual,pasture,,
17196a,17196a01,178,1,release,8/2/2017,10:22:00,2017-07-20t11:02:58,0:10:00,4649065.09,445323.62,vegetative wild bergamot,pasture,,
17202a,17202a01,179,1,release,8/2/2017,9:28:00,2017-07-20t11:02:59,0:00:06,4649065.09,445323.62,vegetative wild bergamot,pasture,3.510512783,359.02068034600
17202a,17202a02,180,2,feed,8/2/2017,9:28:00,2017-07-20t11:03:00,0:00:01,4649068.6,445323.56,resource: blazing star,pasture,,
17202b,17202b01,181,1,release,8/2/2017,9:30:00,2017-07-20t11:03:01,0:00:39,4649065.09,445323.62,vegetative wild bergamot,pasture,25.83665032,69.94489723140
17202b,17202b02,182,2,rest,8/2/2017,9:30:00,2017-07-20t11:03:02,0:00:01,4649073.95,445347.89,vegetative thistle,pasture,,
17202c,17202c01,183,1,release,8/2/2017,9:40:00,2017-07-20t11:03:03,0:00:06,4649065.09,445323.62,vegetative wild bergamot,pasture,3.84443754,346.61440618500
17202c,17202c02,184,2,feed,8/2/2017,9:40:00,2017-07-20t11:03:04,0:00:01,4649068.83,445322.73,resource: blazing star,pasture,,
17202d,17202d01,185,1,release,8/2/2017,9:43:00,2017-07-20t11:03:05,0:00:02,4649065.09,445323.62,vegetative wild bergamot,pasture,3.54189215,342.07660704500
17202d,17202d02,186,2,rest,8/2/2017,9:43:00,2017-07-20t11:03:06,0:00:01,4649068.46,445322.53,vegetative thistle,pasture,,
17202e,17202ee01,187,1,release,8/2/2017,9:46:00,2017-07-20t11:03:07,0:00:11,4649048.84,445323.7,vegetative wild bergamot,pasture,14.25768915,68.22097750620
17202e,17202ee02,188,2,rest,8/2/2017,9:46:00,2017-07-20t11:03:08,0:00:01,4649054.13,445336.94,vegetative stage common milkweed,pasture,,
17202f,17202f01,189,1,release,8/2/2017,9:48:00,2017-07-20t11:03:09,0:00:11,4649048.84,445323.7,vegetative wild bergamot,pasture,20.86547387,126.18888326000
17202f,17202f02,190,2,feed,8/2/2017,9:48:00,2017-07-20t11:03:10,0:00:01,4649036.52,445340.54,red clover,pasture,,
17204a,17204a01,191,1,release,8/2/2017,9:55:00,2017-07-20t11:03:11,0:00:50,4649065.09,445323.62,vegetative wild bergamot,pasture,1.583192976,170.18069935800
17204a,17204a02,192,2,rest,8/2/2017,9:55:00,2017-07-20t11:03:12,0:00:01,4649063.53,445323.89,grass,pasture,,
17204b,17204b01,193,1,release,8/2/2017,9:58:00,2017-07-20t11:03:13,0:00:30,4649065.09,445323.62,vegetative wild bergamot,pasture,379.0010187,184.14431781000
17204b,17204b03,195,3,fly,8/2/2017,9:58:00,2017-07-20t11:03:15,0:00:01,4648687.08,445296.23,air  last visual,pasture,,
17205a,17205a01,196,1,release,8/5/2017,1:18,2017-07-20t11:03:16,0:05:00,4668591.43,613089.56,vegetative wild bergamot,sod,,
17212a,17212a01,197,1,release,8/5/2017,12:14,2017-07-20t11:03:17,0:00:08,4668591.43,613089.56,vegetative wild bergamot,sod,22.1215212,47.69320816210
17212a,17212a02,198,2,rest,8/5/2017,12:14,2017-07-20t11:03:18,0:00:01,4668606.32,613105.92,grass,sod,,
17213a,17213a01,199,1,release,8/5/2017,9:51,2017-07-20t11:03:19,0:09:45,4668620.35,613143.94,vegetative wild bergamot,sod,337.0902617,36.94128574680
17213a,17213a03,201,3,rest,8/5/2017,9:51,2017-07-20t11:03:21,0:11:00,4668889.77,613346.53,corn,corn,,
17214a,17214a01,202,1,release,8/5/2017,1:44,2017-07-20t11:03:22,0:00:20,4668591.43,613089.56,vegetative wild bergamot,sod,1.961249602,2.04540848743
17214a,17214a02,203,2,rest,8/5/2017,1:44,2017-07-20t11:03:23,0:03:00,4668593.39,613089.63,grass,sod,306.7963406,7.18084188343
17214a,17214a03,204,3,rest,8/5/2017,1:44,2017-07-20t11:03:24,0:00:01,4668897.78,613127.98,weedy edge,edge,,
17215a,17215a01,205,1,release,8/5/2017,12:29,2017-07-20t11:03:25,0:02:10,4668591.43,613089.56,vegetative wild bergamot,sod,98.4174197,17.19218533590
17215a,17215a02,206,2,fly,8/5/2017,12:29,2017-07-20t11:03:26,0:00:01,4668685.45,613118.65,air,sod,,
17216a,17216a01,207,1,release,8/5/2017,12:53,2017-07-20t11:03:27,0:10:00,4668591.43,613089.56,vegetative wild bergamot,sod,,
17217a,17217a01,208,1,release,8/5/2017,11:38,2017-07-20t11:03:28,0:09:22,4668591.43,613089.56,vegetative wild bergamot,sod,118.0150249,39.01920537290
17217a,17217a02,209,2,fly,8/5/2017,11:38,2017-07-20t11:03:29,0:00:01,4668683.12,613163.86,air,sod,,
17218a,17218a01,210,1,release,8/5/2017,11:00,2017-07-20t11:03:30,0:00:17,4668591.43,613089.56,vegetative wild bergamot,sod,35.12371564,64.30311079260
17218a,17218a02,211,2,fly,8/5/2017,11:00,2017-07-20t11:03:31,0:00:01,4668606.66,613121.21,air,sod,,
17219a,17219a01,212,1,release,8/5/2017,11:49,2017-07-20t11:03:32,0:10:00,4668591.43,613089.56,vegetative wild bergamot,sod,,
17230a,17230a01,213,1,release,8/5/2017,2:09,2017-07-20t11:03:33,0:00:45,4668591.43,613089.56,vegetative wild bergamot,sod,20.21112812,13.03923800890
17230a,17230a02,214,2,rest,8/5/2017,2:09,2017-07-20t11:03:34,0:00:45,4668611.12,613094.12,grass,sod,300.6697146,17.48339131190
17230a,17230a03,215,3,fly,8/5/2017,2:09,2017-07-20t11:03:35,0:00:01,4668897.9,613184.45,air  cross edge,edge,,
17234a,17234a01,216,1,release,8/12/2017,1:22,2017-07-20t11:03:36,0:12:00,4668702.37,613141.14,vegetative wild bergamot,sod,,
17235a,17235a01,217,1,release,8/12/2017,1:45,2017-07-20t11:03:37,0:00:30,4668702.37,613141.14,vegetative wild bergamot,sod,1.814001102,126.93306826700
17235a,17235a02,218,2,rest,8/12/2017,1:45,2017-07-20t11:03:38,0:01:00,4668701.28,613142.59,grass,sod,1.789329483,136.13218027600
17235a,17235a03,219,3,rest,8/12/2017,1:45,2017-07-20t11:03:39,0:00:30,4668699.99,613143.83,grass,sod,2.608236953,118.13709650100
17235a,17235a04,220,4,rest,8/12/2017,1:45,2017-07-20t11:03:40,0:00:30,4668698.76,613146.13,grass,sod,3.132491021,171.74056202000
17235a,17235a05,221,5,rest,8/12/2017,1:45,2017-07-20t11:03:41,0:00:40,4668695.66,613146.58,grass,sod,3.126563609,133.44484050000
17235a,17235a06,222,6,rest,8/12/2017,1:45,2017-07-20t11:03:42,0:00:30,4668693.51,613148.85,grass,sod,3.399088113,144.57989203800
17235a,17235a07,223,7,rest,8/12/2017,1:45,2017-07-20t11:03:43,0:00:45,4668690.74,613150.82,grass,sod,5.522001449,163.69829165500
17235a,17235a08,224,8,rest,8/12/2017,1:45,2017-07-20t11:03:44,0:00:45,4668685.44,613152.37,grass,sod,6.44138184,163.30927558700
17235a,17235a09,225,9,rest,8/12/2017,1:45,2017-07-20t11:03:45,0:00:30,4668679.27,613154.22,grass,sod,,
17237a,17237a01,226,1,release,8/12/2017,2:24,2017-07-20t11:03:46,0:00:20,4668702.37,613141.14,vegetative wild bergamot,sod,1.557562198,167.39139321200
17237a,17237a02,227,2,rest,8/12/2017,2:24,2017-07-20t11:03:47,0:10:00,4668700.85,613141.48,grass,sod,,
17244a,17244a01,228,1,release,8/13/2017,10:24,2017-07-20t11:03:48,0:00:03,4668690.67,613158.26,vegetative wild bergamot,sod,6.626507375,323.83912953200
17244a,17244a02,229,2,rest,8/13/2017,10:24,2017-07-20t11:03:49,0:02:30,4668696.02,613154.35,grass,sod,,
17246a,17246a01,230,1,release,8/12/2017,1:03,2017-07-20t11:03:50,0:06:00,4668702.37,613141.14,vegetative wild bergamot,sod,19.3578537,183.58371951700
17246a,17246a02,231,2,rest,8/12/2017,1:03,2017-07-20t11:03:51,0:00:01,4668683.05,613139.93,grass,sod,,
17247a,17247a01,232,1,release,8/12/2017,2:07,2017-07-20t11:03:52,0:00:10,4668702.37,613141.14,vegetative wild bergamot,sod,97.06858246,182.71030776300
17247a,17247a02,233,2,fly,8/12/2017,2:07,2017-07-20t11:03:53,0:00:01,4668605.41,613136.55,air,sod,,
17248a,17248a01,234,1,release,8/13/2017,10:50,2017-07-20t11:03:54,0:10:00,4668690.67,613158.26,vegetative wild bergamot,sod,,
17251a,17251a01,235,1,release,8/12/2017,12:50,2017-07-20t11:03:55,0:01:00,4668702.37,613141.14,vegetative wild bergamot,sod,10.94143044,182.61920689200
17251a,17251a02,236,2,rest,8/12/2017,12:50,2017-07-20t11:03:56,0:00:01,4668691.44,613140.64,grass,sod,,
17253a,17253a01,237,1,release,8/13/2017,11:21,2017-07-20t11:03:57,0:00:10,4668690.67,613158.26,vegetative wild bergamot,sod,222.9222941,335.01447151800
17253a,17253a02,238,2,fly,8/13/2017,11:21,2017-07-20t11:03:58,0:00:01,4668892.73,613064.1,air  cross edge,edge,,
17254a,17254a01,239,1,release,8/13/2017,10:13,2017-07-20t11:03:59,0:00:15,4668690.67,613158.26,vegetative wild bergamot,sod,19.45043444,312.45797014400
17254a,17254a02,240,2,rest,8/13/2017,10:13,2017-07-20t11:04:00,0:00:01,4668703.8,613143.91,grass,sod,,
17261a,17261a01,241,1,release,8/13/2017,10:35,2017-07-20t11:04:01,0:00:10,4668690.67,613158.26,vegetative wild bergamot,sod,2.240089284,269.48844414500
17261a,17261a02,242,2,rest,8/13/2017,10:35,2017-07-20t11:04:02,0:00:10,4668690.65,613156.02,grass,sod,1.836736236,305.24757504800
17261a,17261a03,243,3,rest,8/13/2017,10:35,2017-07-20t11:04:03,0:00:10,4668691.71,613154.52,grass,sod,7.989574457,284.64500996200
17261a,17261a04,244,4,rest,8/13/2017,10:35,2017-07-20t11:04:04,0:02:15,4668693.73,613146.79,grass,sod,3.572394154,7.72182580176
17261a,17261a05,245,5,rest,8/13/2017,10:35,2017-07-20t11:04:05,0:01:00,4668697.27,613147.27,grass,sod,10.7463203,340.82318142700
17261a,17261a06,246,6,rest,8/13/2017,10:35,2017-07-20t11:04:06,0:00:01,4668707.42,613143.74,grass,sod,,
17262a,17262a01,247,1,release,8/13/2017,9:53,2017-07-20t11:04:07,0:00:13,4668690.67,613158.26,vegetative wild bergamot,sod,1.19540788,235.91112838700
17262a,17262a02,248,2,rest,8/13/2017,9:53,2017-07-20t11:04:08,0:10:00,4668690,613157.27,grass,sod,,
17283a,17283a01,249,1,release,8/26/2017,1:42,2017-07-20t11:04:09,0:00:10,4668668.56,613167.03,vegetative wild bergamot,sod,608.466821,291.58161182100
17283a,17283a02,250,2,fly,8/26/2017,1:42,2017-07-20t11:04:10,0:00:01,4668892.37,612601.22,air  cross edge,edge,,
17284a,17284a01,251,1,release,8/26/2017,2:12,2017-07-20t11:04:11,0:01:20,4668668.56,613167.03,vegetative wild bergamot,sod,1.128937553,198.59544079200
17284a,17284a02,252,2,rest,8/26/2017,2:12,2017-07-20t11:04:12,0:08:30,4668667.49,613166.67,grass,sod,,
17285a,17291a01,253,1,release,8/26/2017,2:29,2017-07-20t11:04:13,0:10:00,4668668.56,613167.03,vegetative wild bergamot,sod,,
17291a,17291a01,254,1,release,8/26/2017,2:04,2017-07-20t11:04:14,0:00:35,4668668.56,613167.03,vegetative wild bergamot,sod,17.43126215,279.34344025600
17291a,17291a02,255,2,rest,8/26/2017,2:04,2017-07-20t11:04:15,0:00:01,4668671.39,613149.83,grass,sod,,
18037a,18037a01,256,1,release,6/27/2018,11:10,2017-07-20t11:04:16,0:36:00,4622511.18,434075.68,vegetative blazing star,sod,,
18040a,18040a01,257,1,release,6/27/2018,11:58,2017-07-20t11:04:17,0:10:00,4622511.18,434075.68,vegetative blazing star,sod,5.580322571,180.61605990800
18040a,18040a02,258,2,rest,6/27/2018,11:58,2017-07-20t11:04:18,0:01:00,4622505.6,434075.62,grass,sod,5.642783002,315.28719449000
18040a,18040a03,259,3,rest,6/27/2018,11:58,2017-07-20t11:04:19,0:01:00,4622509.61,434071.65,grass,sod,5.338052079,308.45865361700
18040a,18040a04,260,4,rest,6/27/2018,11:58,2017-07-20t11:04:20,0:10:00,4622512.93,434067.47,grass,sod,,
18075a,18075a01,261,1,release,6/30/2018,9:29,2017-07-20t11:04:21,0:07:39,4667950.84,612175.28,vegetative blazing star,sod,38.48424743,42.94670092790
18075a,18075a02,262,2,rest,6/30/2018,9:29,2017-07-20t11:04:22,0:01:00,4667979.01,612201.5,grass,sod,55.73268341,52.84636041280
18075a,18075a03,263,3,fly,6/30/2018,9:29,2017-07-20t11:04:23,0:00:01,4668012.67,612245.92,air,sod,,
18078a,18078a01,264,1,release,6/27/2018,12:34,2017-07-20t11:04:24,0:01:00,4622511.18,434075.68,vegetative blazing star,sod,2.318986848,319.37190659400
18078a,18078a02,265,2,rest,6/27/2018,12:34,2017-07-20t11:04:25,0:01:00,4622512.94,434074.17,grass ,sod,5.899635581,338.52320901800
18078a,18078a03,266,3,rest,6/27/2018,12:34,2017-07-20t11:04:26,0:01:00,4622518.43,434072.01,grass ,sod,11.74506279,315.10348413800
18078a,18078a04,267,4,rest,6/27/2018,12:34,2017-07-20t11:04:27,0:01:00,4622526.75,434063.72,grass berm,edge,,
18081a,18081a01,268,1,release,6/27/2018,12:49,2017-07-20t11:04:28,0:03:00,4622511.18,434075.68,vegetative blazing star,sod,0.834086327,322.30575953900
18081a,18081a02,269,2,rest,6/27/2018,12:49,2017-07-20t11:04:29,0:00:40,4622511.84,434075.17,grass ,sod,2.541967742,272.25457497900
18081a,18081a03,270,3,rest,6/27/2018,12:49,2017-07-20t11:04:30,0:00:40,4622511.94,434072.63,grass ,sod,2.884527691,296.56505117800
18081a,18081a04,271,4,rest,6/27/2018,12:49,2017-07-20t11:04:31,0:00:40,4622513.23,434070.05,grass ,sod,2.975936828,193.80276562300
18081a,18081a05,272,5,rest,6/27/2018,12:49,2017-07-20t11:04:32,0:00:40,4622510.34,434069.34,grass ,sod,2.391756677,254.97599613000
18081a,18081a06,273,6,rest,6/27/2018,12:49,2017-07-20t11:04:33,0:00:40,4622509.72,434067.03,grass ,sod,3.1344537,235.39733353300
18081a,18081a07,274,7,rest,6/27/2018,12:49,2017-07-20t11:04:34,0:00:40,4622507.94,434064.45,grass ,sod,9.064110547,235.83656929700
18081a,18081a08,275,8,rest,6/27/2018,12:49,2017-07-20t11:04:35,0:01:00,4622502.85,434056.95,grass ,sod,2.738046749,46.92394098280
18081a,18081a09,276,9,rest,6/27/2018,12:49,2017-07-20t11:04:36,0:02:00,4622504.72,434058.95,grass berm,edge,12.7201022,209.32585576300
18081a,18081a10,277,10,rest,6/27/2018,12:49,2017-07-20t11:04:37,0:08:00,4622493.63,434052.72,grass berm,edge,,
18082a,18082a01,278,1,release,6/28/2018,10:02,2017-07-20t11:04:38,0:00:10,4622484.5,434078.99,vegetative blazing star,sod,4.924763954,302.14103805200
18082a,18082a02,279,2,rest,6/28/2018,10:02,2017-07-20t11:04:39,0:03:00,4622487.12,434074.82,grass,sod,11.70359347,296.65262585800
18082a,18082a03,280,3,rest,6/28/2018,10:02,2017-07-20t11:04:40,0:01:00,4622492.37,434064.36,grass,sod,16.01788063,340.94291020500
18082a,18082a04,281,4,rest,6/28/2018,10:02,2017-07-20t11:04:41,0:01:30,4622507.51,434059.13,grass berm,edge,2.561269217,283.54793900000
18082a,18082a05,282,5,rest,6/28/2018,10:02,2017-07-20t11:04:42,0:01:30,4622508.11,434056.64,grass berm,edge,9.085290308,325.08547629700
18082a,18082a06,283,6,rest,6/28/2018,10:02,2017-07-20t11:04:43,0:01:00,4622515.56,434051.44,grass,sod,16.39326691,291.61968356400
18082a,18082a07,284,7,fly,6/28/2018,10:02,2017-07-20t11:04:44,0:00:01,4622521.6,434036.2,air,sod,,
18084a,18084a01,285,1,rest,6/28/2018,10:28,2017-07-20t11:04:45,0:00:03,4622484.5,434078.99,vegetative blazing star,sod,4.3063906,285.48850144800
18084a,18084a02,286,2,rest,6/28/2018,10:28,2017-07-20t11:04:46,0:10:00,4622485.65,434074.84,grass,sod,53.74761855,313.66567712400
18084a,18084a03,287,3,fly,6/28/2018,10:28,2017-07-20t11:04:47,0:00:01,4622522.76,434035.96,air,sod,,
18085a,18085a01,288,1,release,6/28/2018,10:58,2017-07-20t11:04:48,0:00:03,4622484.5,434078.99,vegetative blazing star,sod,3.840026042,342.88630113200
18085a,18085a02,289,2,rest,6/28/2018,10:58,2017-07-20t11:04:49,0:10:00,4622488.17,434077.86,grass,sod,16.37923686,284.60468583000
18085a,18085a03,290,3,rest,6/28/2018,10:58,2017-07-20t11:04:50,0:09:00,4622492.3,434062.01,grass berm,edge,17.09029257,328.61652273600
18085a,18085a04,291,4,rest,6/28/2018,10:58,2017-07-20t11:04:51,0:00:01,4622506.89,434053.11,grass,sod,,
18086a,18086a01,292,1,release,6/30/2018,9:57,2017-07-20t11:04:52,0:03:00,4667950.84,612175.28,vegetative blazing star,sod,2.455768719,229.95544893900
18086a,18086a02,293,2,rest,6/30/2018,9:57,2017-07-20t11:04:53,0:00:15,4667949.26,612173.4,grass,sod,1.513439791,219.36931724600
18086a,18086a03,294,3,rest,6/30/2018,9:57,2017-07-20t11:04:54,0:00:15,4667948.09,612172.44,grass,sod,4.081788824,48.77446033160
18086a,18086a04,295,4,rest,6/30/2018,9:57,2017-07-20t11:04:55,0:01:30,4667950.78,612175.51,grass,sod,4.080441152,143.97262661300
18086a,18086a05,296,5,rest,6/30/2018,9:57,2017-07-20t11:04:56,0:08:00,4667947.48,612177.91,grass,sod,7.335420915,54.88000195140
18086a,18086a06,297,6,rest,6/30/2018,9:57,2017-07-20t11:04:57,0:03:30,4667951.7,612183.91,grass,sod,3.094010343,260.32457012800
18086a,18086a07,298,7,rest,6/30/2018,9:57,2017-07-20t11:04:58,0:02:00,4667951.18,612180.86,grass,sod,5.410083179,269.68228175100
18086a,18086a08,299,8,rest,6/30/2018,9:57,2017-07-20t11:04:59,0:01:00,4667951.15,612175.45,grass,sod,64.47672448,23.16125211620
18086a,18086a09,300,9,rest,6/30/2018,9:57,2017-07-20t11:05:00,0:00:01,4668010.43,612200.81,grass,sod,,
18087a,18087a01,301,2,release,6/30/2018,10:38,2017-07-20t11:05:01,0:15:00,4667950.84,612175.28,vegetative blazing star,sod,,
18087b,18087b01,302,2,release,6/30/2018,9:43,2017-07-20t11:05:02,0:08:54,4622514.66,434082.99,vegetative blazing star,sod,19.64507317,204.19051004800
18087b,18087b08,309,8,rest,6/30/2018,9:43,2017-07-20t11:05:09,0:00:01,4622496.74,434074.94,grass,sod,8.854450858,277.91962527200
18087b,18087b11,312,11,rest,6/30/2018,9:43,2017-07-20t11:05:12,0:00:01,4622497.96,434066.17,grass,sod,,
18090a,18090a01,313,1,release,7/1/2018,7:14,2017-07-20t11:05:13,0:15:00,4667951.14,612175.44,vegetative blazing star,sod,,
18090b,18090b01,314,1,release,7/2/2018,10:05,2017-07-20t11:05:14,0:15:00,4622514.66,434082.99,vegetative blazing star,sod,,
18091a,18091a01,315,1,release,7/1/2018,7:51,2017-07-20t11:05:15,0:08:00,4667951.14,612175.44,vegetative blazing star,sod,3.099193444,324.72021595200
18091a,18091a02,316,2,rest,7/1/2018,7:51,2017-07-20t11:05:16,0:09:00,4667953.67,612173.65,grass,sod,6.644004816,300.57922687200
18091a,18091a03,317,3,rest,7/1/2018,7:51,2017-07-20t11:05:17,0:00:20,4667957.05,612167.93,grass,sod,11.53156538,330.43384003500
18091a,18091a04,318,4,rest,7/1/2018,7:51,2017-07-20t11:05:18,0:00:20,4667967.08,612162.24,grass,sod,14.68423985,335.66906723800
18091a,18091a05,319,5,rest,7/1/2018,7:51,2017-07-20t11:05:19,0:00:20,4667980.46,612156.19,grass,sod,7.651222125,314.47047922300
18091a,18091a06,320,6,rest,7/1/2018,7:51,2017-07-20t11:05:20,0:00:20,4667985.82,612150.73,grass,sod,41.64934693,335.66875808300
18091a,18091a07,321,7,rest,7/1/2018,7:51,2017-07-20t11:05:21,0:00:01,4668023.77,612133.57,grass,sod,,
18091b,18091b01,322,1,release,7/2/2018,11:32,2017-07-20t11:05:22,0:15:00,4622514.66,434082.99,vegetative blazing star,sod,,
18093a,18090a01,323,1,release,7/1/2018,8:26,2017-07-20t11:05:23,0:25:00,4667951.14,612175.44,vegetative blazing star,sod,,
18093b,18093b01,324,1,release,7/2/2018,12:50,2017-07-20t11:05:24,0:15:00,4622514.66,434082.99,vegetative blazing star,sod,,
18094a,18094a01,325,1,release,7/2/2018,12:06,2017-07-20t11:05:25,0:00:10,4622514.66,434082.99,vegetative blazing star,sod,182.2882961,43.71748949920
18094a,18094a05,329,5,fly,7/2/2018,12:06,2017-07-20t11:05:29,0:00:01,4622646.41,434208.97,air  lost,na,,
18095a,18095a01,330,1,release,7/2/2018,11:07,2017-07-20t11:05:30,0:15:00,4622514.66,434082.99,vegetative blazing star,sod,20.1926967,72.80339490680
18095a,18095a03,332,3,rest,7/2/2018,11:07,2017-07-20t11:05:32,0:00:01,4622520.63,434102.28,grass berm,edge,,
18096a,18096a01,333,1,release,7/2/2018,10:27,2017-07-20t11:05:33,0:02:00,4622514.66,434082.99,vegetative blazing star,sod,31.85068288,226.85745292800
18096a,18096a04,336,4,rest,7/2/2018,10:27,2017-07-20t11:05:36,0:00:01,4622492.88,434059.75,grass berm,edge,171.8601027,221.80879334200
18096a,18096a09,341,9,fly,7/2/2018,10:27,2017-07-20t11:05:41,0:00:01,4622364.78,433945.18,tree,edge,,
18097a,18097a01,342,1,release,7/2/2018,12:25,2017-07-20t11:05:42,0:13:00,4622514.66,434082.99,vegetative blazing star,sod,63.15391516,353.84615814200
18097a,18097a05,346,5,fly,7/2/2018,12:25,2017-07-20t11:05:46,0:00:01,4622577.45,434076.22,air,edge,,
18098a,18098a01,347,1,release,7/2/2018,13:10,2017-07-20t11:05:47,0:01:00,4622514.66,434082.99,vegetative blazing star,sod,3.825454222,112.27422800400
18098a,18098a02,348,2,rest,7/2/2018,13:10,2017-07-20t11:05:48,0:01:00,4622513.21,434086.53,grass,sod,1.81540629,184.42291143000
18098a,18098a03,349,3,rest,7/2/2018,13:10,2017-07-20t11:05:49,0:00:20,4622511.4,434086.39,grass,sod,3.202639537,182.32636180400
18098a,18098a04,350,4,rest,7/2/2018,13:10,2017-07-20t11:05:50,0:00:20,4622508.2,434086.26,grass,sod,1.897076698,102.79087919900
18098a,18098a05,351,5,rest,7/2/2018,13:10,2017-07-20t11:05:51,0:00:30,4622507.78,434088.11,grass,sod,42.08479535,14.08247103490
18098a,18098a06,352,6,rest,7/2/2018,13:10,2017-07-20t11:05:52,0:00:30,4622548.6,434098.35,grass berm,edge,3.679266231,112.87142330400
18098a,18098a07,353,7,rest,7/2/2018,13:10,2017-07-20t11:05:53,0:00:30,4622547.17,434101.74,grass berm,edge,3.131932311,96.78464938740
18098a,18098a08,354,8,rest,7/2/2018,13:10,2017-07-20t11:05:54,0:00:30,4622546.8,434104.85,grass berm,edge,31.03612411,20.81749037590
18098a,18098a09,355,9,rest,7/2/2018,13:10,2017-07-20t11:05:55,0:00:30,4622575.81,434115.88,grass,sod,40.91890639,2.80157131172
18098a,18098a10,356,10,rest,7/2/2018,13:10,2017-07-20t11:05:56,0:00:30,4622616.68,434117.88,grass,sod,53.13860555,337.71604791700
18098a,18098a11,357,11,fly,7/2/2018,13:10,2017-07-20t11:05:57,0:00:01,4622665.85,434097.73,air,sod,,
18099a,18099a01,358,1,release,7/2/2018,11:51,2017-07-20t11:05:58,0:00:20,4622514.66,434082.99,vegetative blazing star,sod,157.2526655,271.74188474400
18099a,18099a06,363,6,fly,7/2/2018,11:51,2017-07-20t11:06:03,0:00:01,4622519.44,433925.81,air,edge,,
18100a,18100a01,364,1,release,7/7/2018,10:57,2017-07-20t11:06:04,0:15:00,4667945.27,612170.26,vegetative blazing star,sod,,
18105a,18105a01,365,1,release,7/7/2018,11:26,2017-07-20t11:06:05,0:25:00,4667945.27,612170.26,vegetative blazing star,sod,,
18105b,18105b01,366,1,release,7/8/2018,10:31,2017-07-20t11:06:06,0:03:23,4667945.32,612176.17,vegetative blazing star,sod,8.544249528,24.25526343390
18105b,18105b02,367,2,rest,7/8/2018,10:31,2017-07-20t11:06:07,0:00:12,4667953.11,612179.68,grass,sod,3.970415595,10.00797980260
18105b,18105b03,368,3,rest,7/8/2018,10:31,2017-07-20t11:06:08,0:00:12,4667957.02,612180.37,grass,sod,11.09357472,18.01030144720
18105b,18105b04,369,4,rest,7/8/2018,10:31,2017-07-20t11:06:09,0:03:00,4667967.57,612183.8,grass,sod,8.974057054,37.07420533080
18105b,18105b05,370,5,rest,7/8/2018,10:31,2017-07-20t11:06:10,0:02:00,4667974.73,612189.21,grass,sod,16.16399084,42.64327253750
18105b,18105b06,371,6,rest,7/8/2018,10:31,2017-07-20t11:06:11,0:06:00,4667986.62,612200.16,grass,sod,,
18106a,18106a01,372,1,release,7/7/2018,10:27,2017-07-20t11:06:12,0:15:00,4667945.27,612170.26,vegetative blazing star,sod,,
18106b,18106b01,373,1,release,7/8/2018,11:40,2017-07-20t11:06:13,0:00:37,4667945.32,612176.17,vegetative blazing star,sod,0.290688837,356.05481376800
18106b,18106b02,374,2,rest,7/8/2018,11:40,2017-07-20t11:06:14,0:01:00,4667945.61,612176.15,grass,sod,3.94391937,317.98039260500
18106b,18106b03,375,3,rest,7/8/2018,11:40,2017-07-20t11:06:15,0:00:26,4667948.54,612173.51,grass,sod,5.261558704,352.79394299800
18106b,18106b04,376,4,rest,7/8/2018,11:40,2017-07-20t11:06:16,0:00:11,4667953.76,612172.85,grass,sod,4.136205991,15.27941716490
18106b,18106b05,377,5,rest,7/8/2018,11:40,2017-07-20t11:06:17,0:00:46,4667957.75,612173.94,grass,sod,3.139824836,334.33267247000
18106b,18106b06,378,6,rest,7/8/2018,11:40,2017-07-20t11:06:18,0:00:33,4667960.58,612172.58,grass,sod,4.070823013,262.94481393900
18106b,18106b07,379,7,rest,7/8/2018,11:40,2017-07-20t11:06:19,0:01:09,4667960.08,612168.54,grass,sod,30.59648673,305.69005982400
18106b,18106b08,380,8,rest,7/8/2018,11:40,2017-07-20t11:06:20,0:01:00,4667977.93,612143.69,grass,sod,27.91311162,329.01512189900
18106b,18106b09,381,9,fly,7/8/2018,11:40,2017-07-20t11:06:21,0:00:01,4668001.86,612129.32,air,sod,,
18111a,18111a01,382,1,release,7/7/2018,12:02,2017-07-20t11:06:22,0:00:05,4667945.27,612170.26,vegetative blazing star,sod,51.64096436,346.15212259100
18111a,18111a02,383,2,rest,7/7/2018,12:02,2017-07-20t11:06:23,0:00:01,4667995.41,612157.9,grass,sod,,
18111b,18111b01,384,1,release,7/7/2018,12:11,2017-07-20t11:06:24,0:01:30,4667945.27,612170.26,vegetative blazing star,sod,12.33322748,306.06152884100
18111b,18111b02,385,2,fly,7/7/2018,12:11,2017-07-20t11:06:25,0:00:01,4667952.53,612160.29,air,sod,,
18111c,18111c01,386,1,release,7/7/2018,12:17,2017-07-20t11:06:26,0:03:00,4667945.27,612170.26,vegetative blazing star,sod,36.85394144,356.62440999000
18111c,18111c02,387,2,fly,7/7/2018,12:17,2017-07-20t11:06:27,0:00:01,4667982.06,612168.09,air,sod,,
18113a,18113a01,388,1,release,7/8/2018,9:46,2017-07-20t11:06:28,0:01:50,4667945.32,612176.17,vegetative blazing star,sod,45.66741179,4.44585602863
18113a,18113a03,390,3,fly,7/8/2018,9:46,2017-07-20t11:06:30,0:00:01,4667990.85,612179.71,air,sod,,
18113b,18113b01,391,1,release,7/8/2018,9:54,2017-07-20t11:06:31,0:10:00,4667945.32,612176.17,vegetative blazing star,sod,49.4861324,84.64309424440
18113b,18113b03,393,3,fly,7/8/2018,9:54,2017-07-20t11:06:33,0:00:01,4667949.94,612225.44,air,sod,,
18118a,18118a01,394,1,release,7/7/2018,12:27,2017-07-20t11:06:34,0:01:40,4667945.27,612170.26,vegetative blazing star,sod,81.38453969,280.88605885900
18118a,18118a02,395,2,fly,7/7/2018,12:27,2017-07-20t11:06:35,0:00:01,4667960.64,612090.34,air,sod,,
18119a,18119a01,396,1,release,7/8/2018,10:11,2017-07-20t11:06:36,0:10:00,4667945.32,612176.17,vegetative blazing star,sod,,
18121a,18121a01,397,1,release,7/8/2018,11:03,2017-07-20t11:06:37,0:12:50,4667945.32,612176.17,vegetative blazing star,sod,1.171708155,296.34636603700
18121a,18121a02,398,2,rest,7/8/2018,11:03,2017-07-20t11:06:38,0:07:00,4667945.84,612175.12,grass,sod,,
18122a,18122a01,399,1,release,7/8/2018,12:03,2017-07-20t11:06:39,0:01:10,4667945.32,612176.17,vegetative blazing star,sod,0.55,270.00000000000
18122a,18122a02,400,2,rest,7/8/2018,12:03,2017-07-20t11:06:40,0:02:00,4667945.32,612175.62,grass,sod,2.276356738,26.90274342160
18122a,18122a03,401,3,rest,7/8/2018,12:03,2017-07-20t11:06:41,0:12:00,4667947.35,612176.65,grass,sod,,
18123a,18123a01,402,1,release,7/8/2018,12:30,2017-07-20t11:06:42,0:09:00,4667945.32,612176.17,vegetative blazing star,sod,199.2177866,334.73412518300
18123a,18123a03,404,3,fly,7/8/2018,12:30,2017-07-20t11:06:44,0:00:01,4668125.48,612091.14,air  lost,soy,,
18124a,18124a01,405,1,release,7/17/2018,10:00,2017-07-20t11:06:45,0:15:00,4622500.41,434078.61,vegetative blazing star,sod,,
18125a,18125a01,406,1,release,7/18/2018,10:37,2017-07-20t11:06:46,0:00:45,4622502.95,434077.73,vegetative blazing star,sod,19.62816853,4.41213825102
18125a,18125a02,407,2,rest,7/18/2018,10:37,2017-07-20t11:06:47,0:01:15,4622522.52,434079.24,grass,sod,6.555188785,8.68635458057
18125a,18125a03,408,3,rest,7/18/2018,10:37,2017-07-20t11:06:48,0:01:00,4622529,434080.23,grass,sod,13.10273636,17.59140790420
18125a,18125a04,409,4,rest,7/18/2018,10:37,2017-07-20t11:06:49,0:00:01,4622541.49,434084.19,grass,sod,,
18126a,18126a01,410,1,release,7/17/2018,12:57,2017-07-20t11:06:50,0:00:44,4622500.41,434078.61,vegetative blazing star,sod,1.848053029,335.37643521100
18126a,18126a02,411,2,rest,7/17/2018,12:57,2017-07-20t11:06:51,0:01:00,4622502.09,434077.84,grass,sod,3.233032633,357.51814502000
18126a,18126a03,412,3,rest,7/17/2018,12:57,2017-07-20t11:06:52,0:00:50,4622505.32,434077.7,grass,sod,1.427795504,28.89869760090
18126a,18126a04,413,4,rest,7/17/2018,12:57,2017-07-20t11:06:53,0:03:30,4622506.57,434078.39,grass,sod,4.191049987,346.19585621900
18126a,18126a05,414,5,rest,7/17/2018,12:57,2017-07-20t11:06:54,0:02:15,4622510.64,434077.39,grass,sod,,
18127a,18127a01,415,1,release,7/18/2018,9:43,2017-07-20t11:06:55,0:15:00,4622502.95,434077.73,vegetative blazing star,sod,,
18128a,18128a01,416,1,release,7/17/2018,12:41,2017-07-20t11:06:56,0:01:25,4622500.41,434078.61,vegetative blazing star,sod,3.203263961,224.62056329500
18128a,18128a02,417,2,rest,7/17/2018,12:41,2017-07-20t11:06:57,0:01:15,4622498.13,434076.36,grass,sod,31.34995056,141.83969393200
18128a,18128a03,418,3,fly,7/17/2018,12:41,2017-07-20t11:06:58,0:00:01,4622473.48,434095.73,air,sod,,
18129a,18129a01,419,1,release,7/18/2018,10:49,2017-07-20t11:06:59,0:00:10,4622502.95,434077.73,vegetative blazing star,sod,2.488051446,274.61064932300
18129a,18129a02,420,2,rest,7/18/2018,10:49,2017-07-20t11:07:00,0:01:30,4622503.15,434075.25,grass,sod,94.2279587,21.60155311530
18129a,18129a03,421,3,rest,7/18/2018,10:49,2017-07-20t11:07:01,0:00:01,4622590.76,434109.94,grass berm,edge,,
18131a,18131a01,422,1,release,7/17/2018,10:27,2017-07-20t11:07:02,0:01:45,4622500.41,434078.61,vegetative blazing star,sod,15.19055628,143.62044267700
18131a,18131a02,423,2,rest,7/17/2018,10:27,2017-07-20t11:07:03,0:06:30,4622488.18,434087.62,grass,sod,312.1973892,333.22729982700
18131a,18131a04,425,4,fly,7/17/2018,10:27,2017-07-20t11:07:05,0:00:01,4622766.91,433946.99,air  lost,corn,,
18133a,18133a01,426,1,release,7/17/2018,13:48,2017-07-20t11:07:06,0:00:10,4622500.41,434078.61,vegetative blazing star,sod,2.267377339,301.65716629000
18133a,18133a02,427,2,rest,7/17/2018,13:48,2017-07-20t11:07:07,0:01:30,4622501.6,434076.68,grass,sod,38.38691053,161.62641083200
18133a,18133a03,428,3,fly,7/17/2018,13:48,2017-07-20t11:07:08,0:00:01,4622465.17,434088.78,air,sod,,
18134a,18134a01,429,1,release,7/21/2018,11:19,2017-07-20t11:07:09,0:05:08,4667940.73,612196.74,vegetative blazing star,sod,18.30061474,157.84976207200
18134a,18134a02,430,2,rest,7/21/2018,11:19,2017-07-20t11:07:10,0:00:12,4667923.78,612203.64,grass,sod,151.4768108,205.15582641100
18134a,18134a03,431,3,fly,7/21/2018,11:19,2017-07-20t11:07:11,0:00:01,4667786.67,612139.25,air,sod,,
18135a,18135a01,432,1,release,7/21/2018,11:38,2017-07-20t11:07:12,0:13:00,4667940.73,612196.74,vegetative blazing star,sod,0.609015599,150.48850145100
18135a,18135a02,433,2,rest,7/21/2018,11:38,2017-07-20t11:07:13,0:01:30,4667940.2,612197.04,grass,sod,6.213509476,184.98571724300
18135a,18135a03,434,3,rest,7/21/2018,11:38,2017-07-20t11:07:14,0:00:30,4667934.01,612196.5,grass,sod,,
18137a,18137a01,435,1,release,7/18/2018,12:13,2017-07-20t11:07:15,0:15:00,4622502.95,434077.73,vegetative blazing star,sod,,
18138a,18138a01,436,1,release,7/18/2018,11:01,2017-07-20t11:07:16,0:03:00,4622502.95,434077.73,vegetative blazing star,sod,1.053090689,300.21727397000
18138a,18138a02,437,2,rest,7/18/2018,11:01,2017-07-20t11:07:17,0:03:00,4622503.48,434076.82,grass,sod,2.474267568,20.33922211740
18138a,18138a03,438,3,rest,7/18/2018,11:01,2017-07-20t11:07:18,0:01:00,4622505.8,434077.68,grass,sod,3.006958596,261.00756157200
18138a,18138a04,439,4,rest,7/18/2018,11:01,2017-07-20t11:07:19,0:00:30,4622505.33,434074.71,grass,sod,6.218239301,272.94983045900
18138a,18138a05,440,5,rest,7/18/2018,11:01,2017-07-20t11:07:20,0:00:30,4622505.65,434068.5,grass,sod,4.903886214,308.45909137400
18138a,18138a06,441,6,rest,7/18/2018,11:01,2017-07-20t11:07:21,0:00:01,4622508.7,434064.66,grass,sod,2.745323296,197.37892501500
18138a,18138a07,442,7,rest,7/18/2018,11:01,2017-07-20t11:07:22,0:09:00,4622506.08,434063.84,grass,sod,,
18139a,18139a01,443,1,release,7/18/2018,11:28,2017-07-20t11:07:23,0:15:00,4622502.95,434077.73,vegetative blazing star,sod,53.73394644,353.51379606100
18139a,18139a02,444,2,rest,7/18/2018,11:28,2017-07-20t11:07:24,0:00:01,4622556.34,434071.66,grass,sod,,
18140a,18140a01,445,1,release,7/18/2018,10:04,2017-07-20t11:07:25,0:01:00,4622502.95,434077.73,vegetative blazing star,sod,1.150391237,1.49433359338
18140a,18140a02,446,2,rest,7/18/2018,10:04,2017-07-20t11:07:26,0:03:00,4622504.1,434077.76,grass,sod,2.639412814,61.97859018450
18140a,18140a03,447,3,rest,7/18/2018,10:04,2017-07-20t11:07:27,0:10:00,4622505.34,434080.09,grass,sod,,
18141a,18141a01,448,1,release,7/18/2018,10:27,2017-07-20t11:07:28,0:01:00,4622502.95,434077.73,vegetative blazing star,sod,5.54205738,253.00368387000
18141a,18141a02,449,2,rest,7/18/2018,10:27,2017-07-20t11:07:29,0:01:00,4622501.33,434072.43,grass,sod,17.4420555,274.83456915300
18141a,18141a03,450,3,rest,7/18/2018,10:27,2017-07-20t11:07:30,0:00:01,4622502.8,434055.05,grass,sod,,
18142a,18142a01,451,1,release,7/17/2018,12:25,2017-07-20t11:07:31,0:02:09,4622500.41,434078.61,vegetative blazing star,sod,4.869024544,185.06658431600
18142a,18142a02,452,2,feed,7/17/2018,12:25,2017-07-20t11:07:32,0:00:01,4622495.56,434078.18,resources: blazing star,sod,,
18143a,18143a01,453,1,release,7/21/2018,13:33,2017-07-20t11:07:33,0:00:19,4667940.73,612196.74,vegetative blazing star,sod,1.502664301,153.09390655600
18143a,18143a02,454,2,rest,7/21/2018,13:33,2017-07-20t11:07:34,0:02:00,4667939.39,612197.42,grass,sod,4.060603403,180.98776040100
18143a,18143a03,455,3,rest,7/21/2018,13:33,2017-07-20t11:07:35,0:00:40,4667935.33,612197.35,grass,sod,10.71673924,92.03205104970
18143a,18143a04,456,4,rest,7/21/2018,13:33,2017-07-20t11:07:36,0:00:10,4667934.95,612208.06,grass,sod,27.35327403,154.07195871200
18143a,18143a05,457,5,rest,7/21/2018,13:33,2017-07-20t11:07:37,0:00:50,4667910.35,612220.02,grass,sod,6.727867418,184.17662980200
18143a,18143a06,458,6,rest,7/21/2018,13:33,2017-07-20t11:07:38,0:00:10,4667903.64,612219.53,grass,sod,14.90922198,144.91353110300
18143a,18143a07,459,7,rest,7/21/2018,13:33,2017-07-20t11:07:39,0:00:15,4667891.44,612228.1,grass,sod,46.71712748,146.50722184000
18143a,18143a08,460,8,fly,7/21/2018,13:33,2017-07-20t11:07:40,0:00:01,4667852.48,612253.88,air,sod,,
18144a,18144a01,461,1,release,7/17/2018,13:17,2017-07-20t11:07:41,0:15:00,4622500.41,434078.61,vegetative blazing star,sod,46.11876516,356.44458950300
18144a,18144a02,462,2,fly,7/17/2018,13:17,2017-07-20t11:07:42,0:00:01,4622546.44,434075.75,air,sod,,
18145a,18145a01,463,1,release,7/21/2018,12:02,2017-07-20t11:07:43,0:06:00,4667940.73,612196.74,vegetative blazing star,sod,314.187565,143.83184773300
18145a,18145a02,464,2,fly,7/21/2018,12:02,2017-07-20t11:07:44,0:00:01,4667687.09,612382.16,air  cross edge,edge,,
18146a,18146a01,465,1,release,7/21/2018,13:02:00,2017-07-20t11:07:45,0:00:12,4667940.73,612196.74,vegetative blazing star,sod,729.657408,154.11096866700
18146a,18146a03,467,3,fly,7/21/2018,13:02:00,2017-07-20t11:07:47,0:00:01,4667284.3,612515.33,air  cross telephone line,edge,,
18147a,18147a01,468,1,release,7/21/2018,14:13:00,2017-07-20t11:07:48,0:01:04,4667940.73,612196.74,vegetative blazing star,sod,57.25490023,105.76944856900
18147a,18147a02,469,2,rest,7/21/2018,14:13:00,2017-07-20t11:07:49,0:03:00,4667925.17,612251.84,air,sod,194.8206675,137.52749175700
18147a,18147a03,470,3,catch,7/21/2018,14:13:00,2017-07-20t11:07:50,0:00:01,4667781.47,612383.39,air,sod,,
18147b,18147b01,471,1,release,7/22/2018,9:36:00,2017-07-20t11:07:51,0:15:00,4667941.87,612195.9,vegetative blazing star,sod,,
18148a,18148a01,472,1,release,7/21/2018,14:30:00,2017-07-20t11:07:52,0:00:30,4667940.73,612196.74,vegetative blazing star,sod,0.796052762,116.88693421500
18148a,18148a02,473,2,rest,7/21/2018,14:30:00,2017-07-20t11:07:53,0:01:15,4667940.37,612197.45,grass,sod,515.5801115,152.36189994500
18148a,18148a04,475,4,fly,7/21/2018,14:30:00,2017-07-20t11:07:55,0:00:01,4667483.62,612436.62,lost  last visual,sod,,
18149a,18149a01,476,1,release,7/21/2018,14:56:00,2017-07-20t11:07:56,0:00:13,4667940.73,612196.74,vegetative blazing star,sod,749.0720709,152.45281993300
18149a,18149a03,478,3,fly,7/21/2018,14:56:00,2017-07-20t11:07:58,0:00:01,4667276.58,612543.17,lost  last visual,edge,,
18150a,18150a01,479,1,release,7/21/2018,13:55,2017-07-20t11:07:59,0:00:30,4667940.73,612196.74,vegetative blazing star,sod,6.754095055,175.15886498700
18150a,18150a02,480,2,rest,7/21/2018,13:55,2017-07-20t11:08:00,0:02:00,4667934,612197.31,grass,sod,4.341900506,341.18948334900
18150a,18150a03,481,3,rest,7/21/2018,13:55,2017-07-20t11:08:01,0:01:30,4667938.11,612195.91,grass,sod,31.91744977,146.31989003100
18150a,18150a04,482,4,rest,7/21/2018,13:55,2017-07-20t11:08:02,0:02:30,4667911.55,612213.61,grass,sod,79.86890822,102.31872023500
18150a,18150a05,483,5,fly,7/21/2018,13:55,2017-07-20t11:08:03,0:00:01,4667894.51,612291.64,air,sod,,
18152a,18152a01,484,1,release,7/22/2018,9:59:00,2017-07-20t11:08:04,0:15:00,4667941.87,612195.9,vegetative blazing star,sod,,
18152b,18152b01,485,1,release,7/22/2018,11:17:00,2017-07-20t11:08:05,0:05:50,4667941.87,612195.9,vegetative blazing star,sod,2.21054292,155.40588814700
18152b,18152b02,486,2,rest,7/22/2018,11:17:00,2017-07-20t11:08:06,0:13:00,4667939.86,612196.82,grass,sod,8.904212487,116.19095045300
18152b,18152b03,487,3,fly,7/22/2018,11:17:00,2017-07-20t11:08:07,0:00:01,4667935.93,612204.81,air,sod,,
18153a,18153a01,488,1,release,7/22/2018,11:40:00,2017-07-20t11:08:08,0:02:13,4667941.87,612195.9,vegetative blazing star,sod,2.21054292,160.99129287900
18153a,18153a02,489,2,rest,7/22/2018,11:40:00,2017-07-20t11:08:09,0:00:45,4667939.78,612196.62,grass,sod,41.60059855,234.64804531600
18153a,18153a03,490,3,rest,7/22/2018,11:40:00,2017-07-20t11:08:10,0:00:40,4667915.71,612162.69,grass,sod,15.94694328,308.78886522300
18153a,18153a04,491,4,rest,7/22/2018,11:40:00,2017-07-20t11:08:11,0:02:10,4667925.7,612150.26,grass,sod,36.42384521,229.24173568300
18153a,18153a05,492,5,rest,7/22/2018,11:40:00,2017-07-20t11:08:12,0:00:20,4667901.92,612122.67,grass,sod,8.69511357,113.23319985800
18153a,18153a06,493,6,rest,7/22/2018,11:40:00,2017-07-20t11:08:13,0:01:00,4667898.49,612130.66,grass,sod,113.6358579,173.98386839100
18153a,18153a07,494,7,fly,7/22/2018,11:40:00,2017-07-20t11:08:14,0:00:01,4667785.48,612142.57,air,sod,,
18154a,18154a01,495,1,release,7/22/2018,12:08,2017-07-20t11:08:15,0:15:00,4667941.87,612195.9,vegetative blazing star,sod,,
18159a,18159a01,496,1,release,7/22/2018,12:28,2017-07-20t11:08:16,0:15:00,4667941.87,612195.9,vegetative blazing star,sod,,
18161a,18161a01,497,1,release,7/24/2018,13:54,2017-07-20t11:08:17,0:10:00,4622527.19,434082.33,vegetative blazing star,sod,140.4813646,108.30855369300
18161a,18161a03,499,3,rest,7/24/2018,13:54,2017-07-20t11:08:19,0:00:01,4622483.06,434215.7,berm,sod,,
18162a,18162a01,500,1,release,7/24/2018,13:36,2017-07-20t11:08:20,0:05:00,4622527.19,434082.33,vegetative blazing star,sod,185.3193776,158.38690226700
18162a,18162a04,503,4,fly,7/24/2018,13:36,2017-07-20t11:08:23,0:00:01,4622354.9,434150.59,air  cross edge,edge,,
18163a,18163a01,504,1,release,7/24/2018,13:16,2017-07-20t11:08:24,0:15:00,4622527.19,434082.33,vegetative blazing star,sod,,
18164a,18164a01,505,1,release,7/24/2018,12:59,2017-07-20t11:08:25,0:00:30,4622527.19,434082.33,vegetative blazing star,sod,2.773481567,167.71767241900
18164a,18164a02,506,2,rest,7/24/2018,12:59,2017-07-20t11:08:26,0:00:30,4622524.48,434082.92,grass,sod,89.61078953,200.19833477900
18164a,18164a03,507,3,rest,7/24/2018,12:59,2017-07-20t11:08:27,0:00:30,4622440.38,434051.98,berm,sod,2.597864508,132.34786786000
18164a,18164a04,508,4,rest,7/24/2018,12:59,2017-07-20t11:08:28,0:00:30,4622438.63,434053.9,berm,sod,72.98174361,203.71299030100
18164a,18164a05,509,5,fly,7/24/2018,12:59,2017-07-20t11:08:29,0:00:01,4622371.81,434024.55,air,sod,,
18165a,18165a01,510,1,release,7/24/2018,12:38,2017-07-20t11:08:30,0:15:00,4622527.19,434082.33,vegetative blazing star,sod,,
18166a,18166a01,511,1,release,7/24/2018,12:15,2017-07-20t11:08:31,0:04:00,4622527.19,434082.33,vegetative blazing star,sod,172.0468826,170.79226076000
18166a,18166a03,513,3,fly,7/24/2018,12:15,2017-07-20t11:08:33,0:00:01,4622357.36,434109.86,air  cross edge,edge,126.9418363,196.79046364100
18166a,18166a04,514,4,rest,7/24/2018,12:15,2017-07-20t11:08:34,0:00:01,4622235.83,434073.19,soy,soy,,
18167a,18167a01,515,1,release,7/24/2018,12:00,2017-07-20t11:08:35,0:15:00,4622527.19,434082.33,vegetative blazing star,sod,,
18168a,18168a01,516,1,release,7/24/2018,11:49,2017-07-20t11:08:36,0:01:00,4622527.19,434082.33,vegetative blazing star,sod,170.676378,173.62199513600
18168a,18168a03,518,3,fly,7/24/2018,11:49,2017-07-20t11:08:38,0:00:01,4622357.57,434101.29,air,na,,
18169a,18169a01,519,1,release,7/24/2018,11:27,2017-07-20t11:08:39,0:01:00,4622527.19,434082.33,vegetative blazing star,sod,260.0301861,180.71392914900
18169a,18169a03,521,3,rest,7/24/2018,11:27,2017-07-20t11:08:41,0:00:30,4622267.18,434079.09,soy,soy,21.40098129,262.96796385400
18169a,18169a04,522,4,rest,7/24/2018,11:27,2017-07-20t11:08:42,0:00:01,4622264.56,434057.85,corn,corn,,
18170a,18170a01,523,1,release,7/24/2018,11:12,2017-07-20t11:08:43,0:00:30,4622527.19,434082.33,vegetative blazing star,sod,1.636245703,188.08058138200
18170a,18170a02,524,2,rest,7/24/2018,11:12,2017-07-20t11:08:44,0:00:30,4622525.57,434082.1,grass,sod,60.02799097,95.10369316680
18170a,18170a04,526,4,rest,7/24/2018,11:12,2017-07-20t11:08:46,0:00:30,4622520.23,434141.89,berm,sod,11.7159592,13.12290985970
18170a,18170a05,527,5,rest,7/24/2018,11:12,2017-07-20t11:08:47,0:00:01,4622531.64,434144.55,berm,sod,,
18171a,18171a01,528,1,release,7/24/2018,11:00,2017-07-20t11:08:48,0:02:00,4622527.19,434082.33,vegetative blazing star,sod,72.28257397,134.08634962800
18171a,18171a03,530,3,rest,7/24/2018,11:00,2017-07-20t11:08:50,0:01:30,4622476.9,434134.25,berm,sod,76.09893823,155.77912064600
18171a,18171a04,531,4,rest,7/24/2018,11:00,2017-07-20t11:08:51,0:00:01,4622407.5,434165.47,grass,sod,,
18172a,18172a01,532,1,release,7/24/2018,10:39,2017-07-20t11:08:52,0:15:00,4622527.19,434082.33,vegetative blazing star,sod,,
18173a,18173a01,533,1,release,7/26/2018,9:44,2017-07-20t11:08:53,0:15:00,4622507.88,434018.72,vegetative blazing star,sod,,
18174a,18174a01,534,1,release,7/26/2018,10:05,2017-07-20t11:08:54,0:01:00,4622507.88,434018.72,vegetative blazing star,sod,38.13377112,110.23598986700
18174a,18174a02,535,2,rest,7/26/2018,10:05,2017-07-20t11:08:55,0:10:00,4622494.69,434054.5,grass,sod,389.3978441,121.50175769400
18174a,18174a05,538,5,fly,7/26/2018,10:05,2017-07-20t11:08:58,0:00:01,4622291.22,434386.51,air  lost,na,,
18175a,18175a01,539,1,release,7/26/2018,10:36,2017-07-20t11:08:59,0:03:00,4622507.88,434018.72,vegetative blazing star,sod,27.37041651,118.69065198600
18175a,18175a02,540,2,rest,7/26/2018,10:36,2017-07-20t11:09:00,0:02:00,4622494.74,434042.73,grass,sod,221.1188968,113.27106122000
18175a,18175a05,543,5,fly,7/26/2018,10:36,2017-07-20t11:09:03,0:00:01,4622407.38,434245.86,air  lost,na,,
18176a,18176a01,544,1,release,7/26/2018,10:58,2017-07-20t11:09:04,0:02:00,4622507.88,434018.72,vegetative blazing star,sod,2.792167617,92.25780399550
18176a,18176a02,545,2,rest,7/26/2018,10:58,2017-07-20t11:09:05,0:01:00,4622507.77,434021.51,grass,sod,6.622605228,83.49738943760
18176a,18176a03,546,3,rest,7/26/2018,10:58,2017-07-20t11:09:06,0:04:00,4622508.52,434028.09,grass,sod,19.46319861,99.43328473310
18176a,18176a04,547,4,rest,7/26/2018,10:58,2017-07-20t11:09:07,0:10:00,4622505.33,434047.29,grass,sod,14.78245582,117.51844815700
18176a,18176a05,548,5,rest,7/26/2018,10:58,2017-07-20t11:09:08,0:00:01,4622498.5,434060.4,berm,sod,,
18177a,18177a01,549,1,release,7/26/2018,11:22,2017-07-20t11:09:09,0:02:00,4622507.88,434018.72,vegetative blazing star,sod,387.8737507,128.95879179900
18177a,18177a02,550,2,fly,7/26/2018,11:22,2017-07-20t11:09:10,0:00:01,4622264,434320.33,air  lost,na,,
18178a,18178a01,551,1,release,7/26/2018,11:57,2017-07-20t11:09:11,0:01:00,4622507.88,434018.72,vegetative blazing star,sod,47.44382889,108.27837206400
18178a,18178a02,552,2,rest,7/26/2018,11:57,2017-07-20t11:09:12,0:05:00,4622493,434063.77,grass,sod,8.630040556,343.16085513900
18178a,18178a03,553,3,rest,7/26/2018,11:57,2017-07-20t11:09:13,0:00:01,4622501.26,434061.27,grass,sod,,
18179a,18179a01,554,1,release,7/26/2018,12:13,2017-07-20t11:09:14,0:01:00,4622507.88,434018.72,vegetative blazing star,sod,167.6790449,112.77100126600
18179a,18179a03,556,3,fly,7/26/2018,12:13,2017-07-20t11:09:16,0:00:01,4622442.98,434173.33,air  lost,sod,,
18180a,18180a01,557,1,release,7/26/2018,13:10,2017-07-20t11:09:17,0:01:00,4622507.88,434018.72,vegetative blazing star,sod,53.02318927,95.13964349170
18180a,18180a02,558,2,rest,7/26/2018,13:10,2017-07-20t11:09:18,0:01:00,4622503.13,434071.53,grass,sod,27.62783017,74.39929189780
18180a,18180a03,559,3,rest,7/26/2018,13:10,2017-07-20t11:09:19,0:00:01,4622510.56,434098.14,grass,sod,,
18181a,18181a01,560,1,release,7/26/2018,13:20,2017-07-20t11:09:20,0:00:03,4622507.88,434018.72,vegetative blazing star,sod,408.9487994,123.95585816300
18181a,18181a04,563,4,rest,7/26/2018,13:20,2017-07-20t11:09:23,0:00:01,4622279.46,434357.93,grass,sod,,
18190a,18190a01,564,1,release,7/29/2018,10:29,2017-07-20t11:09:24,0:10:44,4667964.81,612187.16,vegetative blazing star,sod,4.351976562,55.57962429600
18190a,18190a02,565,2,rest,7/29/2018,10:29,2017-07-20t11:09:25,0:00:10,4667967.27,612190.75,grass,sod,4.351976562,235.57962429600
18190a,18190a03,566,3,rest,7/29/2018,10:29,2017-07-20t11:09:26,0:00:35,4667964.81,612187.16,vegetative blazing star,sod,31.01580404,271.10845465200
18190a,18190a04,567,4,feed,7/29/2018,10:29,2017-07-20t11:09:27,0:00:03,4667965.41,612156.15,potted blazing star,sod,15.05936586,273.57870765500
18190a,18190a05,568,5,fly,7/29/2018,10:29,2017-07-20t11:09:28,0:00:01,4667966.35,612141.12,air,sod,,
18191a,18191a01,569,1,release,7/29/2018,10:52,2017-07-20t11:09:29,0:14:50,4667964.81,612187.16,vegetative blazing star,sod,5.019372471,342.61192748400
18191a,18191a02,570,2,fly,7/29/2018,10:52,2017-07-20t11:09:30,0:00:01,4667969.6,612185.66,air,sod,,
18192a,18192a01,571,1,release,7/29/2018,11:16,2017-07-20t11:09:31,0:10:28,4667964.81,612187.16,vegetative blazing star,sod,30.55361517,270.88140399800
18192a,18192a02,572,2,feed,7/29/2018,11:16,2017-07-20t11:09:32,0:00:05,4667965.28,612156.61,potted blazing star,sod,0,180.00000000000
18192a,18192a03,573,3,feed,7/29/2018,11:16,2017-07-20t11:09:33,0:00:15,4667965.28,612156.61,potted blazing star,sod,0,180.00000000000
18192a,18192a04,574,4,rest,7/29/2018,11:16,2017-07-20t11:09:34,0:00:45,4667965.28,612156.61,grass,sod,12.96260005,132.93674305400
18192a,18192a05,575,5,rest,7/29/2018,11:16,2017-07-20t11:09:35,0:00:01,4667956.45,612166.1,grass,sod,,
18193a,18193a01,576,1,release,7/29/2018,11:39,2017-07-20t11:09:36,0:15:00,4667964.81,612187.16,vegetative blazing star,sod,,
18194a,18194a01,577,1,release,7/29/2018,12:13,2017-07-20t11:09:37,0:15:00,4667964.81,612187.16,vegetative blazing star,sod,,
18195a,18195a01,578,1,release,7/29/2018,12:35,2017-07-20t11:09:38,0:06:33,4667964.81,612187.16,vegetative blazing star,sod,1.212023102,86.68905847120
18195a,18195a02,579,2,rest,7/29/2018,12:35,2017-07-20t11:09:39,0:01:45,4667964.88,612188.37,grass,sod,5.858438359,253.94713265600
18195a,18195a03,580,3,rest,7/29/2018,12:35,2017-07-20t11:09:40,0:01:30,4667963.26,612182.74,grass,sod,4.463373164,15.06372066110
18195a,18195a04,581,4,rest,7/29/2018,12:35,2017-07-20t11:09:41,0:00:15,4667967.57,612183.9,grass,sod,4.750515762,121.04649406500
18195a,18195a05,582,5,rest,7/29/2018,12:35,2017-07-20t11:09:42,0:01:40,4667965.12,612187.97,grass,sod,11.89001682,76.67670270900
18195a,18195a06,583,6,rest,7/29/2018,12:35,2017-07-20t11:09:43,0:00:01,4667967.86,612199.54,grass,sod,,
18196a,18196a01,584,1,release,7/29/2018,13:00,2017-07-20t11:09:44,0:02:00,4667964.81,612187.16,vegetative blazing star,sod,5.147785932,55.84688398720
18196a,18196a02,585,2,feed,7/29/2018,13:00,2017-07-20t11:09:45,0:00:01,4667967.7,612191.42,resources: blazing star,sod,,
18197a,18197a01,586,1,release,7/29/2018,13:10,2017-07-20t11:09:46,0:10:00,4667964.81,612187.16,vegetative blazing star,sod,,
18198a,18198a01,587,1,release,7/29/2018,13:26,2017-07-20t11:09:47,0:04:53,4667964.81,612187.16,vegetative blazing star,sod,0.761577311,23.19859050330
18198a,18198a02,588,2,rest,7/29/2018,13:26,2017-07-20t11:09:48,0:00:01,4667965.51,612187.46,grass,sod,,
18199a,18199a01,589,1,release,7/29/2018,13:50,2017-07-20t11:09:49,0:06:55,4667964.81,612187.16,vegetative blazing star,sod,0.39408121,35.70669137310
18199a,18199a02,590,2,rest,7/29/2018,13:50,2017-07-20t11:09:50,0:00:07,4667965.13,612187.39,grass,sod,4.525980557,41.68610425820
18199a,18199a03,591,3,rest,7/29/2018,13:50,2017-07-20t11:09:51,0:00:11,4667968.51,612190.4,grass,sod,28.68108261,185.88352949900
18199a,18199a04,592,4,fly,7/29/2018,13:50,2017-07-20t11:09:52,0:00:01,4667939.98,612187.46,air,sod,,
18200a,18200a01,593,1,release,7/29/2018,14:08,2017-07-20t11:09:53,0:00:34,4667964.81,612187.16,vegetative blazing star,sod,214.2620382,220.90845557800
18200a,18200a02,594,2,fly,7/29/2018,14:08,2017-07-20t11:09:54,0:00:01,4667802.88,612046.85,air,sod,,
18203a,18203a01,595,1,release,7/31/2018,10:54,2017-07-20t11:09:55,0:06:00,4622515.48,433995.11,vegetative blazing star,sod,1.106752005,147.17145822500
18203a,18203a02,596,2,rest,7/31/2018,10:54,2017-07-20t11:09:56,0:01:00,4622514.55,433995.71,grass,sod,107.3423481,80.96327268830
18203a,18203a03,597,3,rest,7/31/2018,10:54,2017-07-20t11:09:57,0:02:00,4622531.41,434101.72,grass,sod,80.63585617,136.63313318200
18203a,18203a04,598,4,fly,7/31/2018,10:54,2017-07-20t11:09:58,0:00:01,4622472.79,434157.09,air,sod,,
18204a,18204a01,599,1,release,7/31/2018,11:12,2017-07-20t11:09:59,0:05:00,4622515.48,433995.11,vegetative blazing star,sod,0.743034319,298.97970765900
18204a,18204a02,600,2,rest,7/31/2018,11:12,2017-07-20t11:10:00,0:00:05,4622515.84,433994.46,grass,sod,16.41590997,316.25877406600
18204a,18204a03,601,3,rest,7/31/2018,11:12,2017-07-20t11:10:01,0:00:01,4622527.7,433983.11,grass,sod,59.69580303,339.32150888500
18204a,18204a04,602,4,feed,7/31/2018,11:12,2017-07-20t11:10:02,0:00:01,4622583.55,433962.03,resources: blazing star,sod,,
18205a,18205a01,603,1,release,7/31/2018,11:31,2017-07-20t11:10:03,0:00:30,4622515.48,433995.11,vegetative blazing star,sod,0.521536192,327.52880768100
18205a,18205a02,604,2,rest,7/31/2018,11:31,2017-07-20t11:10:04,0:00:30,4622515.92,433994.83,grass,sod,1.496462495,284.31482691400
18205a,18205a03,605,3,rest,7/31/2018,11:31,2017-07-20t11:10:05,0:01:00,4622516.29,433993.38,grass,sod,5.462343819,91.67851685130
18205a,18205a04,606,4,rest,7/31/2018,11:31,2017-07-20t11:10:06,0:00:01,4622516.13,433998.84,grass,sod,,
18206a,18206a01,607,1,release,7/31/2018,11:42,2017-07-20t11:10:07,0:12:00,4622515.48,433995.11,vegetative blazing star,sod,129.7909261,252.73077249700
18206a,18206a03,609,3,rest,7/31/2018,11:42,2017-07-20t11:10:09,0:00:01,4622476.95,433871.17,soy,soy,19.34031282,269.67412265700
18206a,18206a04,610,4,fly,7/31/2018,11:42,2017-07-20t11:10:10,0:00:01,4622476.84,433851.83,air  lost sight,soy,,
18207a,18207a01,611,1,release,7/31/2018,12:18,2017-07-20t11:10:11,0:15:00,4622515.48,433995.11,vegetative blazing star,sod,,
18208a,18208a01,612,1,release,7/31/2018,12:39,2017-07-20t11:10:12,0:00:03,4622515.48,433995.11,vegetative blazing star,sod,1.158015544,306.57303095800
18208a,18208a02,613,2,rest,7/31/2018,12:39,2017-07-20t11:10:13,0:00:15,4622516.17,433994.18,grass,sod,52.0229507,7.56625930738
18208a,18208a03,614,3,rest,7/31/2018,12:39,2017-07-20t11:10:14,0:00:45,4622567.74,434001.03,grass,sod,204.850733,188.90777523800
18208a,18208a05,616,5,fly,7/31/2018,12:39,2017-07-20t11:10:16,0:00:01,4622365.36,433969.31,air,sod,,
18209a,18209a01,617,1,release,7/31/2018,13:04,2017-07-20t11:10:17,0:01:00,4622515.48,433995.11,vegetative blazing star,sod,147.5243712,188.76889891600
18209a,18209a02,618,2,fly,7/31/2018,13:04,2017-07-20t11:10:18,0:00:01,4622369.68,433972.62,air  cross edge,sod,,
18210a,18210a01,619,1,release,7/31/2018,13:14,2017-07-20t11:10:19,0:00:03,4622515.48,433995.11,vegetative blazing star,sod,9.234554673,268.20039959300
18210a,18210a02,620,2,rest,7/31/2018,13:14,2017-07-20t11:10:20,0:05:00,4622515.19,433985.88,grass,sod,145.2707834,269.30188275500
18210a,18210a04,622,4,fly,7/31/2018,13:14,2017-07-20t11:10:22,0:00:01,4622513.42,433840.62,air  lost,sod,,
18211a,18211a01,623,1,release,7/31/2018,13:36,2017-07-20t11:10:23,0:00:03,4622515.48,433995.11,vegetative blazing star,sod,7.440436816,222.22188919800
18211a,18211a02,624,2,rest,7/31/2018,13:36,2017-07-20t11:10:24,0:05:00,4622509.97,433990.11,grass,sod,147.1657192,208.80994090400
18211a,18211a03,625,3,rest,7/31/2018,13:36,2017-07-20t11:10:25,0:00:01,4622381.02,433919.19,vegetation,edge,,
18212a,18212a01,626,1,release,7/31/2018,13:49,2017-07-20t11:10:26,0:01:00,4622515.48,433995.11,vegetative blazing star,sod,85.92113419,134.78781184400
18212a,18212a03,628,3,rest,7/31/2018,13:49,2017-07-20t11:10:28,0:00:01,4622454.95,434056.09,grass,sod,24.98913764,158.37315540200
18212a,18212a04,629,4,rest,7/31/2018,13:49,2017-07-20t11:10:29,0:10:00,4622431.72,434065.3,grass,sod,,
