monarchrunid,monarchlocationid,uniqueid,order,behaviorclassification,date,time,datetime,duration,locationn,locatione,surface,landcoverclassification,steplength
17100a,17100a01,1,1,release,7/20/2017,8:55:00,2017-07-20t11:00:01,0:01:00,4662528.47,451813,vegetative wild bergamot,sod,2.4989998
17100b,17100b01,3,1,release,7/23/2017,9:37,2017-07-20t11:00:03,0:00:30,4668615.34,613114.04,vegetative wild bergamot,sod,11.00872381
17100c,17100c01,5,1,release,7/23/2017,9:41,2017-07-20t11:00:05,0:10:00,4668615.34,613114.04,vegetative wild bergamot,sod,
17101a,17101a01,8,1,release,7/20/2017,7:59:00,2017-07-20t11:00:08,0:02:00,4662528.47,451813,vegetative wild bergamot,sod,1.312440475
17102a,17102a01,13,1,release,7/22/2017,10:42:00,2017-07-20t11:00:13,0:07:00,4668615.03,613084.84,vegetative wild bergamot,sod,
17103a,17103a01,14,1,release,7/20/2017,8:43:00,2017-07-20t11:00:14,0:01:13,4662528.47,451813,vegetative wild bergamot,sod,4.378333016
17106a,17106a01,18,1,release,7/22/2017,8:39:00,2017-07-20t11:00:18,0:08:00,4668614.02,613090.38,vegetative wild bergamot,sod,8.554677083
17106b,17106b01,23,1,release,7/22/2017,9:14:00,2017-07-20t11:00:23,0:04:56,4668614.02,613090.38,vegetative wild bergamot,sod,4.950646423
17106c,17106c01,25,1,release,7/22/2017,9:56:00,2017-07-20t11:00:25,0:01:56,4668614.02,613090.38,vegetative wild bergamot,sod,4.950646423
17106d,17106d01,27,1,release,7/22/2017,10:02:00,2017-07-20t11:00:27,0:00:06,4668614.02,613090.38,vegetative wild bergamot,sod,4.950646423
17106e,14106ee01,29,1,release,7/22/2017,10:03:00,2017-07-20t11:00:29,0:00:56,4668613.98,613085.44,vegetative wild bergamot,sod,9.877636357
17106f,17106f01,31,1,release,7/22/2017,10:07:00,2017-07-20t11:00:31,0:08:00,4668613.98,613085.44,vegetative wild bergamot,sod,
17109a,17109a01,32,1,release,7/22/2017,11:50:00,2017-07-20t11:00:32,0:02:00,4668614.04,613085.42,vegetative wild bergamot,sod,116.8315163
17110a,17110a01,36,1,release,7/23/2017,10:30,2017-07-20t11:00:36,0:00:30,4668615.4,613114.11,vegetative wild bergamot,sod,42.27446629
17110b,17110b01,38,1,release,7/23/2017,10:35,2017-07-20t11:00:38,0:00:01,4668614.91,613104.49,potted blazing star,sod,169.8489553
17111a,17111a01,40,1,release,7/22/2017,1:41:00,2017-07-20t11:00:40,0:02:00,4668613.74,613063.52,vegetative wild bergamot,sod,7.137632661
17111b,17111b01,43,1,release,7/22/2017,1:47:00,2017-07-20t11:00:43,0:01:00,4668613.9,613063.41,vegetative wild bergamot,sod,92.87336001
17111c,17111c01,46,1,release,7/23/2017,10:10,2017-07-20t11:00:46,0:10:00,4668614.91,613104.49,vegetative wild bergamot,sod,
17113a,17113a01,47,1,release,7/23/2017,8:18:00,2017-07-20t11:00:47,0:00:30,4668615.17,613109.92,vegetative wild bergamot,sod,24.83453241
17113b,17113b01,49,1,release,7/23/2017,8:24:00,2017-07-20t11:00:49,0:00:30,4668615.17,613109.92,vegetative wild bergamot,sod,11.88246607
17113c,17113c01,52,1,release,7/23/2017,8:32:00,2017-07-20t11:00:52,0:01:00,4668614.8,613099.43,vegetative wild bergamot,sod,35.69328228
17113d,17113d01,54,1,release,7/23/2017,8:37:00,2017-07-20t11:00:54,0:16:00,4668614.8,613099.43,vegetative wild bergamot,sod,19.95323031
17115a,17115a01,57,1,release,7/24/2017,10:43,2017-07-20t11:00:57,0:02:00,4662549.3,451798.98,vegetative wild bergamot,sod,5.396044848
17115b,17115b01,61,1,release,7/24/2017,10:46,2017-07-20t11:01:01,0:00:30,4662549.3,451798.98,vegetative wild bergamot,sod,432.8496119
17123a,17123a01,64,1,release,7/24/2017,12:10,2017-07-20t11:01:04,0:02:00,4662550.86,451776.56,vegetative wild bergamot,sod,9.715950803
17127a,17127a01,67,1,release,7/25/2017,9:57,2017-07-20t11:01:07,0:01:30,4662532.08,451810.63,vegetative wild bergamot,sod,38.89893572
17127b,17127b01,69,1,release,7/25/2017,10:08,2017-07-20t11:01:09,0:01:30,4662532.08,451810.63,vegetative wild bergamot,sod,26.87879834
17127c,17127c01,71,1,release,7/25/2017,10:17,2017-07-20t11:01:11,0:01:30,4662532.08,451810.63,vegetative wild bergamot,sod,121.8637834
17134a,17134a01,73,1,release,7/27/2017,11:31,2017-07-20t11:01:13,0:01:00,4662542.45,451812.72,vegetative wild bergamot,sod,7.391380115
17135a,17135a01,79,1,release,7/27/2017,10:06,2017-07-20t11:01:19,0:00:10,4662542.45,451812.72,vegetative wild bergamot,sod,5.687925808
17135b,17135b01,81,1,release,7/27/2017,10:10,2017-07-20t11:01:21,0:00:10,4662542.45,451812.72,vegetative wild bergamot,sod,20.21728468
17137a,17137a01,83,1,release,7/27/2017,10:21,2017-07-20t11:01:23,0:00:10,4662517.17,451811.05,vegetative wild bergamot,sod,1.990075375
17137b,17137b01,86,1,release,7/27/2017,10:26,2017-07-20t11:01:26,0:00:10,4662517.17,451811.05,vegetative wild bergamot,sod,4.522941521
17137c,17137c01,88,1,release,7/27/2017,10:42,2017-07-20t11:01:28,0:00:10,4662517.17,451811.05,vegetative wild bergamot,sod,2.039436197
17139a,17139a01,90,1,release,7/28/2017,10:37,2017-07-20t11:01:30,0:01:00,4662517.26,451811.04,vegetative wild bergamot,sod,0.588982173
17139b,17139b01,94,1,release,7/28/2017,10:41,2017-07-20t11:01:34,0:01:00,4662517.26,451811.04,vegetative wild bergamot,sod,14.19239585
17142a,17142a01,96,1,release,7/28/2017,10:26,2017-07-20t11:01:36,0:00:30,4662561.73,451812.79,vegetative wild bergamot,sod,43.40843351
17144a,17144a01,98,1,release,7/27/2017,10:56,2017-07-20t11:01:38,0:01:00,4662561.96,451812.8,vegetative wild bergamot,sod,1.089311709
17144b,17144b01,101,1,release,7/27/2017,11:03,2017-07-20t11:01:41,0:01:00,4662561.96,451812.8,vegetative wild bergamot,sod,3.002215849
17145a,17145a01,103,1,release,7/28/2017,10:03,2017-07-20t11:01:43,0:16:00,4662561.73,451812.79,vegetative wild bergamot,sod,
17146b,17146b01,106,1,release,7/27/2017,11:17,2017-07-20t11:01:46,0:00:10,4662542.45,451812.72,vegetative wild bergamot,sod,21.68769236
17149a,17149a01,108,1,release,7/27/2017,9:50,2017-07-20t11:01:48,0:00:10,4662517.17,451811.05,vegetative wild bergamot,sod,13.82434085
17150a,17150a01,111,1,release,7/28/2017,8:49,2017-07-20t11:01:51,0:00:10,4662542.4,451812.77,vegetative wild bergamot,sod,2.715326868
17151a,17151a01,116,1,release,7/29/2017,1:22,2017-07-20t11:01:56,0:00:10,4668649.34,613158.22,vegetative wild bergamot,sod,16.07844831
17153a,17153a01,118,1,release,7/29/2017,1:38,2017-07-20t11:01:58,0:01:00,4668649.34,613158.22,vegetative wild bergamot,sod,252.5000792
17154a,17154a01,121,1,release,7/29/2017,10:50,2017-07-20t11:02:01,0:00:45,4668620.54,613123.02,vegetative wild bergamot,sod,644.5185345
17159a,17159a01,123,1,release,7/29/2017,10:13,2017-07-20t11:02:03,0:01:00,4668649.34,613158.22,vegetative wild bergamot,sod,3.633469417
17159b,17159b01,130,1,release,7/29/2017,10:21,2017-07-20t11:02:10,0:01:00,4668649.34,613158.22,vegetative wild bergamot,sod,10.94412171
17160a,17160a01,132,1,release,7/29/2017,9:53,2017-07-20t11:02:12,0:10:00,4668649.34,613158.22,vegetative wild bergamot,sod,
17164a,17164a01,134,1,release,7/29/2017,10:31,2017-07-20t11:02:14,0:06:00,4668636.53,613142.65,vegetative wild bergamot,sod,23.7026412
17166a,17166a01,136,1,release,7/29/2017,1:56,2017-07-20t11:02:16,0:01:30,4668649.34,613158.22,vegetative wild bergamot,sod,2.412985702
17171a,17171a01,138,1,release,7/30/2017,9:57,2017-07-20t11:02:18,0:01:17,4668650.73,613168.52,vegetative wild bergamot,sod,151.0723833
17172a,17172a01,140,1,release,7/30/2017,11:02,2017-07-20t11:02:20,0:08:00,4668650.73,613168.52,vegetative wild bergamot,sod,691.2350107
17176a,17176a01,144,1,release,7/29/2017,1:10,2017-07-20t11:02:24,0:03:30,4668649.34,613158.22,vegetative wild bergamot,sod,34.43288109
17177a,17177a01,146,1,release,7/30/2017,9:13,2017-07-20t11:02:26,0:12:00,4668650.73,613168.52,vegetative wild bergamot,sod,
17179a,17179a01,147,1,release,7/30/2017,10:24,2017-07-20t11:02:27,0:00:45,4668650.73,613168.52,vegetative wild bergamot,sod,3.584034039
17179b,17179b01,160,1,release,7/30/2017,10:39,2017-07-20t11:02:40,0:09:00,4668650.73,613168.52,vegetative wild bergamot,sod,1.500833101
17181a,17181a01,165,1,release,7/30/2017,10:11,2017-07-20t11:02:45,0:01:00,4668650.73,613168.52,vegetative wild bergamot,sod,2.325725693
17182a,17182a01,168,1,release,7/30/2017,9:34,2017-07-20t11:02:48,0:12:00,4668650.73,613168.52,vegetative wild bergamot,sod,
17184a,17184a01,169,1,release,7/31/2017,12:41:00,2017-07-20t11:02:49,0:02:00,4649087.15,445305.21,vegetative wild bergamot,pasture,156.8545677
17186a,17186a01,171,1,release,8/2/2017,10:39:00,2017-07-20t11:02:51,0:00:15,4649065.09,445323.62,vegetative wild bergamot,pasture,35.1572937
17186b,17186b01,173,1,release,8/2/2017,10:41:00,2017-07-20t11:02:53,0:00:22,4649065.09,445323.62,vegetative wild bergamot,pasture,40.84018854
17186c,17186c01,176,1,release,8/2/2017,10:44:00,2017-07-20t11:02:56,0:00:29,4649065.09,445323.62,vegetative wild bergamot,pasture,97.15113381
17196a,17196a01,178,1,release,8/2/2017,10:22:00,2017-07-20t11:02:58,0:10:00,4649065.09,445323.62,vegetative wild bergamot,pasture,
17202a,17202a01,179,1,release,8/2/2017,9:28:00,2017-07-20t11:02:59,0:00:06,4649065.09,445323.62,vegetative wild bergamot,pasture,3.510512783
17202b,17202b01,181,1,release,8/2/2017,9:30:00,2017-07-20t11:03:01,0:00:39,4649065.09,445323.62,vegetative wild bergamot,pasture,25.83665032
17202c,17202c01,183,1,release,8/2/2017,9:40:00,2017-07-20t11:03:03,0:00:06,4649065.09,445323.62,vegetative wild bergamot,pasture,3.84443754
17202d,17202d01,185,1,release,8/2/2017,9:43:00,2017-07-20t11:03:05,0:00:02,4649065.09,445323.62,vegetative wild bergamot,pasture,3.54189215
17202e,17202ee01,187,1,release,8/2/2017,9:46:00,2017-07-20t11:03:07,0:00:11,4649048.84,445323.7,vegetative wild bergamot,pasture,14.25768915
17202f,17202f01,189,1,release,8/2/2017,9:48:00,2017-07-20t11:03:09,0:00:11,4649048.84,445323.7,vegetative wild bergamot,pasture,20.86547387
17204a,17204a01,191,1,release,8/2/2017,9:55:00,2017-07-20t11:03:11,0:00:50,4649065.09,445323.62,vegetative wild bergamot,pasture,1.583192976
17204b,17204b01,193,1,release,8/2/2017,9:58:00,2017-07-20t11:03:13,0:00:30,4649065.09,445323.62,vegetative wild bergamot,pasture,379.0010187
17205a,17205a01,196,1,release,8/5/2017,1:18,2017-07-20t11:03:16,0:05:00,4668591.43,613089.56,vegetative wild bergamot,sod,
17212a,17212a01,197,1,release,8/5/2017,12:14,2017-07-20t11:03:17,0:00:08,4668591.43,613089.56,vegetative wild bergamot,sod,22.1215212
17213a,17213a01,199,1,release,8/5/2017,9:51,2017-07-20t11:03:19,0:09:45,4668620.35,613143.94,vegetative wild bergamot,sod,337.0902617
17214a,17214a01,202,1,release,8/5/2017,1:44,2017-07-20t11:03:22,0:00:20,4668591.43,613089.56,vegetative wild bergamot,sod,1.961249602
17215a,17215a01,205,1,release,8/5/2017,12:29,2017-07-20t11:03:25,0:02:10,4668591.43,613089.56,vegetative wild bergamot,sod,98.4174197
17216a,17216a01,207,1,release,8/5/2017,12:53,2017-07-20t11:03:27,0:10:00,4668591.43,613089.56,vegetative wild bergamot,sod,
17217a,17217a01,208,1,release,8/5/2017,11:38,2017-07-20t11:03:28,0:09:22,4668591.43,613089.56,vegetative wild bergamot,sod,118.0150249
17218a,17218a01,210,1,release,8/5/2017,11:00,2017-07-20t11:03:30,0:00:17,4668591.43,613089.56,vegetative wild bergamot,sod,35.12371564
17219a,17219a01,212,1,release,8/5/2017,11:49,2017-07-20t11:03:32,0:10:00,4668591.43,613089.56,vegetative wild bergamot,sod,
17230a,17230a01,213,1,release,8/5/2017,2:09,2017-07-20t11:03:33,0:00:45,4668591.43,613089.56,vegetative wild bergamot,sod,20.21112812
17234a,17234a01,216,1,release,8/12/2017,1:22,2017-07-20t11:03:36,0:12:00,4668702.37,613141.14,vegetative wild bergamot,sod,
17235a,17235a01,217,1,release,8/12/2017,1:45,2017-07-20t11:03:37,0:00:30,4668702.37,613141.14,vegetative wild bergamot,sod,1.814001102
17237a,17237a01,226,1,release,8/12/2017,2:24,2017-07-20t11:03:46,0:00:20,4668702.37,613141.14,vegetative wild bergamot,sod,1.557562198
17244a,17244a01,228,1,release,8/13/2017,10:24,2017-07-20t11:03:48,0:00:03,4668690.67,613158.26,vegetative wild bergamot,sod,6.626507375
17246a,17246a01,230,1,release,8/12/2017,1:03,2017-07-20t11:03:50,0:06:00,4668702.37,613141.14,vegetative wild bergamot,sod,19.3578537
17247a,17247a01,232,1,release,8/12/2017,2:07,2017-07-20t11:03:52,0:00:10,4668702.37,613141.14,vegetative wild bergamot,sod,97.06858246
17248a,17248a01,234,1,release,8/13/2017,10:50,2017-07-20t11:03:54,0:10:00,4668690.67,613158.26,vegetative wild bergamot,sod,
17251a,17251a01,235,1,release,8/12/2017,12:50,2017-07-20t11:03:55,0:01:00,4668702.37,613141.14,vegetative wild bergamot,sod,10.94143044
17253a,17253a01,237,1,release,8/13/2017,11:21,2017-07-20t11:03:57,0:00:10,4668690.67,613158.26,vegetative wild bergamot,sod,222.9222941
17254a,17254a01,239,1,release,8/13/2017,10:13,2017-07-20t11:03:59,0:00:15,4668690.67,613158.26,vegetative wild bergamot,sod,19.45043444
17261a,17261a01,241,1,release,8/13/2017,10:35,2017-07-20t11:04:01,0:00:10,4668690.67,613158.26,vegetative wild bergamot,sod,2.240089284
17262a,17262a01,247,1,release,8/13/2017,9:53,2017-07-20t11:04:07,0:00:13,4668690.67,613158.26,vegetative wild bergamot,sod,1.19540788
17283a,17283a01,249,1,release,8/26/2017,1:42,2017-07-20t11:04:09,0:00:10,4668668.56,613167.03,vegetative wild bergamot,sod,608.466821
17284a,17284a01,251,1,release,8/26/2017,2:12,2017-07-20t11:04:11,0:01:20,4668668.56,613167.03,vegetative wild bergamot,sod,1.128937553
17285a,17291a01,253,1,release,8/26/2017,2:29,2017-07-20t11:04:13,0:10:00,4668668.56,613167.03,vegetative wild bergamot,sod,
17291a,17291a01,254,1,release,8/26/2017,2:04,2017-07-20t11:04:14,0:00:35,4668668.56,613167.03,vegetative wild bergamot,sod,17.43126215
18037a,18037a01,256,1,release,6/27/2018,11:10,2017-07-20t11:04:16,0:36:00,4622511.18,434075.68,vegetative blazing star,sod,
18040a,18040a01,257,1,release,6/27/2018,11:58,2017-07-20t11:04:17,0:10:00,4622511.18,434075.68,vegetative blazing star,sod,5.580322571
18075a,18075a01,261,1,release,6/30/2018,9:29,2017-07-20t11:04:21,0:07:39,4667950.84,612175.28,vegetative blazing star,sod,38.48424743
18078a,18078a01,264,1,release,6/27/2018,12:34,2017-07-20t11:04:24,0:01:00,4622511.18,434075.68,vegetative blazing star,sod,2.318986848
18081a,18081a01,268,1,release,6/27/2018,12:49,2017-07-20t11:04:28,0:03:00,4622511.18,434075.68,vegetative blazing star,sod,0.834086327
18082a,18082a01,278,1,release,6/28/2018,10:02,2017-07-20t11:04:38,0:00:10,4622484.5,434078.99,vegetative blazing star,sod,4.924763954
18084a,18084a01,285,1,rest,6/28/2018,10:28,2017-07-20t11:04:45,0:00:03,4622484.5,434078.99,vegetative blazing star,sod,4.3063906
18085a,18085a01,288,1,release,6/28/2018,10:58,2017-07-20t11:04:48,0:00:03,4622484.5,434078.99,vegetative blazing star,sod,3.840026042
18086a,18086a01,292,1,release,6/30/2018,9:57,2017-07-20t11:04:52,0:03:00,4667950.84,612175.28,vegetative blazing star,sod,2.455768719
18090a,18090a01,313,1,release,7/1/2018,7:14,2017-07-20t11:05:13,0:15:00,4667951.14,612175.44,vegetative blazing star,sod,
18090b,18090b01,314,1,release,7/2/2018,10:05,2017-07-20t11:05:14,0:15:00,4622514.66,434082.99,vegetative blazing star,sod,
18091a,18091a01,315,1,release,7/1/2018,7:51,2017-07-20t11:05:15,0:08:00,4667951.14,612175.44,vegetative blazing star,sod,3.099193444
18091b,18091b01,322,1,release,7/2/2018,11:32,2017-07-20t11:05:22,0:15:00,4622514.66,434082.99,vegetative blazing star,sod,
18093a,18090a01,323,1,release,7/1/2018,8:26,2017-07-20t11:05:23,0:25:00,4667951.14,612175.44,vegetative blazing star,sod,
18093b,18093b01,324,1,release,7/2/2018,12:50,2017-07-20t11:05:24,0:15:00,4622514.66,434082.99,vegetative blazing star,sod,
18094a,18094a01,325,1,release,7/2/2018,12:06,2017-07-20t11:05:25,0:00:10,4622514.66,434082.99,vegetative blazing star,sod,182.2882961
18095a,18095a01,330,1,release,7/2/2018,11:07,2017-07-20t11:05:30,0:15:00,4622514.66,434082.99,vegetative blazing star,sod,20.1926967
18096a,18096a01,333,1,release,7/2/2018,10:27,2017-07-20t11:05:33,0:02:00,4622514.66,434082.99,vegetative blazing star,sod,31.85068288
18097a,18097a01,342,1,release,7/2/2018,12:25,2017-07-20t11:05:42,0:13:00,4622514.66,434082.99,vegetative blazing star,sod,63.15391516
18098a,18098a01,347,1,release,7/2/2018,13:10,2017-07-20t11:05:47,0:01:00,4622514.66,434082.99,vegetative blazing star,sod,3.825454222
18099a,18099a01,358,1,release,7/2/2018,11:51,2017-07-20t11:05:58,0:00:20,4622514.66,434082.99,vegetative blazing star,sod,157.2526655
18100a,18100a01,364,1,release,7/7/2018,10:57,2017-07-20t11:06:04,0:15:00,4667945.27,612170.26,vegetative blazing star,sod,
18105a,18105a01,365,1,release,7/7/2018,11:26,2017-07-20t11:06:05,0:25:00,4667945.27,612170.26,vegetative blazing star,sod,
18105b,18105b01,366,1,release,7/8/2018,10:31,2017-07-20t11:06:06,0:03:23,4667945.32,612176.17,vegetative blazing star,sod,8.544249528
18106a,18106a01,372,1,release,7/7/2018,10:27,2017-07-20t11:06:12,0:15:00,4667945.27,612170.26,vegetative blazing star,sod,
18106b,18106b01,373,1,release,7/8/2018,11:40,2017-07-20t11:06:13,0:00:37,4667945.32,612176.17,vegetative blazing star,sod,0.290688837
18111a,18111a01,382,1,release,7/7/2018,12:02,2017-07-20t11:06:22,0:00:05,4667945.27,612170.26,vegetative blazing star,sod,51.64096436
18111b,18111b01,384,1,release,7/7/2018,12:11,2017-07-20t11:06:24,0:01:30,4667945.27,612170.26,vegetative blazing star,sod,12.33322748
18111c,18111c01,386,1,release,7/7/2018,12:17,2017-07-20t11:06:26,0:03:00,4667945.27,612170.26,vegetative blazing star,sod,36.85394144
18113a,18113a01,388,1,release,7/8/2018,9:46,2017-07-20t11:06:28,0:01:50,4667945.32,612176.17,vegetative blazing star,sod,45.66741179
18113b,18113b01,391,1,release,7/8/2018,9:54,2017-07-20t11:06:31,0:10:00,4667945.32,612176.17,vegetative blazing star,sod,49.4861324
18118a,18118a01,394,1,release,7/7/2018,12:27,2017-07-20t11:06:34,0:01:40,4667945.27,612170.26,vegetative blazing star,sod,81.38453969
18119a,18119a01,396,1,release,7/8/2018,10:11,2017-07-20t11:06:36,0:10:00,4667945.32,612176.17,vegetative blazing star,sod,
18121a,18121a01,397,1,release,7/8/2018,11:03,2017-07-20t11:06:37,0:12:50,4667945.32,612176.17,vegetative blazing star,sod,1.171708155
18122a,18122a01,399,1,release,7/8/2018,12:03,2017-07-20t11:06:39,0:01:10,4667945.32,612176.17,vegetative blazing star,sod,0.55
18123a,18123a01,402,1,release,7/8/2018,12:30,2017-07-20t11:06:42,0:09:00,4667945.32,612176.17,vegetative blazing star,sod,199.2177866
18124a,18124a01,405,1,release,7/17/2018,10:00,2017-07-20t11:06:45,0:15:00,4622500.41,434078.61,vegetative blazing star,sod,
18125a,18125a01,406,1,release,7/18/2018,10:37,2017-07-20t11:06:46,0:00:45,4622502.95,434077.73,vegetative blazing star,sod,19.62816853
18126a,18126a01,410,1,release,7/17/2018,12:57,2017-07-20t11:06:50,0:00:44,4622500.41,434078.61,vegetative blazing star,sod,1.848053029
18127a,18127a01,415,1,release,7/18/2018,9:43,2017-07-20t11:06:55,0:15:00,4622502.95,434077.73,vegetative blazing star,sod,
18128a,18128a01,416,1,release,7/17/2018,12:41,2017-07-20t11:06:56,0:01:25,4622500.41,434078.61,vegetative blazing star,sod,3.203263961
18129a,18129a01,419,1,release,7/18/2018,10:49,2017-07-20t11:06:59,0:00:10,4622502.95,434077.73,vegetative blazing star,sod,2.488051446
18131a,18131a01,422,1,release,7/17/2018,10:27,2017-07-20t11:07:02,0:01:45,4622500.41,434078.61,vegetative blazing star,sod,15.19055628
18133a,18133a01,426,1,release,7/17/2018,13:48,2017-07-20t11:07:06,0:00:10,4622500.41,434078.61,vegetative blazing star,sod,2.267377339
18134a,18134a01,429,1,release,7/21/2018,11:19,2017-07-20t11:07:09,0:05:08,4667940.73,612196.74,vegetative blazing star,sod,18.30061474
18135a,18135a01,432,1,release,7/21/2018,11:38,2017-07-20t11:07:12,0:13:00,4667940.73,612196.74,vegetative blazing star,sod,0.609015599
18137a,18137a01,435,1,release,7/18/2018,12:13,2017-07-20t11:07:15,0:15:00,4622502.95,434077.73,vegetative blazing star,sod,
18138a,18138a01,436,1,release,7/18/2018,11:01,2017-07-20t11:07:16,0:03:00,4622502.95,434077.73,vegetative blazing star,sod,1.053090689
18139a,18139a01,443,1,release,7/18/2018,11:28,2017-07-20t11:07:23,0:15:00,4622502.95,434077.73,vegetative blazing star,sod,53.73394644
18140a,18140a01,445,1,release,7/18/2018,10:04,2017-07-20t11:07:25,0:01:00,4622502.95,434077.73,vegetative blazing star,sod,1.150391237
18141a,18141a01,448,1,release,7/18/2018,10:27,2017-07-20t11:07:28,0:01:00,4622502.95,434077.73,vegetative blazing star,sod,5.54205738
18142a,18142a01,451,1,release,7/17/2018,12:25,2017-07-20t11:07:31,0:02:09,4622500.41,434078.61,vegetative blazing star,sod,4.869024544
18143a,18143a01,453,1,release,7/21/2018,13:33,2017-07-20t11:07:33,0:00:19,4667940.73,612196.74,vegetative blazing star,sod,1.502664301
18144a,18144a01,461,1,release,7/17/2018,13:17,2017-07-20t11:07:41,0:15:00,4622500.41,434078.61,vegetative blazing star,sod,46.11876516
18145a,18145a01,463,1,release,7/21/2018,12:02,2017-07-20t11:07:43,0:06:00,4667940.73,612196.74,vegetative blazing star,sod,314.187565
18146a,18146a01,465,1,release,7/21/2018,13:02:00,2017-07-20t11:07:45,0:00:12,4667940.73,612196.74,vegetative blazing star,sod,729.657408
18147a,18147a01,468,1,release,7/21/2018,14:13:00,2017-07-20t11:07:48,0:01:04,4667940.73,612196.74,vegetative blazing star,sod,57.25490023
18147b,18147b01,471,1,release,7/22/2018,9:36:00,2017-07-20t11:07:51,0:15:00,4667941.87,612195.9,vegetative blazing star,sod,
18148a,18148a01,472,1,release,7/21/2018,14:30:00,2017-07-20t11:07:52,0:00:30,4667940.73,612196.74,vegetative blazing star,sod,0.796052762
18149a,18149a01,476,1,release,7/21/2018,14:56:00,2017-07-20t11:07:56,0:00:13,4667940.73,612196.74,vegetative blazing star,sod,749.0720709
18150a,18150a01,479,1,release,7/21/2018,13:55,2017-07-20t11:07:59,0:00:30,4667940.73,612196.74,vegetative blazing star,sod,6.754095055
18152a,18152a01,484,1,release,7/22/2018,9:59:00,2017-07-20t11:08:04,0:15:00,4667941.87,612195.9,vegetative blazing star,sod,
18152b,18152b01,485,1,release,7/22/2018,11:17:00,2017-07-20t11:08:05,0:05:50,4667941.87,612195.9,vegetative blazing star,sod,2.21054292
18153a,18153a01,488,1,release,7/22/2018,11:40:00,2017-07-20t11:08:08,0:02:13,4667941.87,612195.9,vegetative blazing star,sod,2.21054292
18154a,18154a01,495,1,release,7/22/2018,12:08,2017-07-20t11:08:15,0:15:00,4667941.87,612195.9,vegetative blazing star,sod,
18159a,18159a01,496,1,release,7/22/2018,12:28,2017-07-20t11:08:16,0:15:00,4667941.87,612195.9,vegetative blazing star,sod,
18161a,18161a01,497,1,release,7/24/2018,13:54,2017-07-20t11:08:17,0:10:00,4622527.19,434082.33,vegetative blazing star,sod,140.4813646
18162a,18162a01,500,1,release,7/24/2018,13:36,2017-07-20t11:08:20,0:05:00,4622527.19,434082.33,vegetative blazing star,sod,185.3193776
18163a,18163a01,504,1,release,7/24/2018,13:16,2017-07-20t11:08:24,0:15:00,4622527.19,434082.33,vegetative blazing star,sod,
18164a,18164a01,505,1,release,7/24/2018,12:59,2017-07-20t11:08:25,0:00:30,4622527.19,434082.33,vegetative blazing star,sod,2.773481567
18165a,18165a01,510,1,release,7/24/2018,12:38,2017-07-20t11:08:30,0:15:00,4622527.19,434082.33,vegetative blazing star,sod,
18166a,18166a01,511,1,release,7/24/2018,12:15,2017-07-20t11:08:31,0:04:00,4622527.19,434082.33,vegetative blazing star,sod,172.0468826
18167a,18167a01,515,1,release,7/24/2018,12:00,2017-07-20t11:08:35,0:15:00,4622527.19,434082.33,vegetative blazing star,sod,
18168a,18168a01,516,1,release,7/24/2018,11:49,2017-07-20t11:08:36,0:01:00,4622527.19,434082.33,vegetative blazing star,sod,170.676378
18169a,18169a01,519,1,release,7/24/2018,11:27,2017-07-20t11:08:39,0:01:00,4622527.19,434082.33,vegetative blazing star,sod,260.0301861
18170a,18170a01,523,1,release,7/24/2018,11:12,2017-07-20t11:08:43,0:00:30,4622527.19,434082.33,vegetative blazing star,sod,1.636245703
18171a,18171a01,528,1,release,7/24/2018,11:00,2017-07-20t11:08:48,0:02:00,4622527.19,434082.33,vegetative blazing star,sod,72.28257397
18172a,18172a01,532,1,release,7/24/2018,10:39,2017-07-20t11:08:52,0:15:00,4622527.19,434082.33,vegetative blazing star,sod,
18173a,18173a01,533,1,release,7/26/2018,9:44,2017-07-20t11:08:53,0:15:00,4622507.88,434018.72,vegetative blazing star,sod,
18174a,18174a01,534,1,release,7/26/2018,10:05,2017-07-20t11:08:54,0:01:00,4622507.88,434018.72,vegetative blazing star,sod,38.13377112
18175a,18175a01,539,1,release,7/26/2018,10:36,2017-07-20t11:08:59,0:03:00,4622507.88,434018.72,vegetative blazing star,sod,27.37041651
18176a,18176a01,544,1,release,7/26/2018,10:58,2017-07-20t11:09:04,0:02:00,4622507.88,434018.72,vegetative blazing star,sod,2.792167617
18177a,18177a01,549,1,release,7/26/2018,11:22,2017-07-20t11:09:09,0:02:00,4622507.88,434018.72,vegetative blazing star,sod,387.8737507
18178a,18178a01,551,1,release,7/26/2018,11:57,2017-07-20t11:09:11,0:01:00,4622507.88,434018.72,vegetative blazing star,sod,47.44382889
18179a,18179a01,554,1,release,7/26/2018,12:13,2017-07-20t11:09:14,0:01:00,4622507.88,434018.72,vegetative blazing star,sod,167.6790449
18180a,18180a01,557,1,release,7/26/2018,13:10,2017-07-20t11:09:17,0:01:00,4622507.88,434018.72,vegetative blazing star,sod,53.02318927
18181a,18181a01,560,1,release,7/26/2018,13:20,2017-07-20t11:09:20,0:00:03,4622507.88,434018.72,vegetative blazing star,sod,408.9487994
18190a,18190a01,564,1,release,7/29/2018,10:29,2017-07-20t11:09:24,0:10:44,4667964.81,612187.16,vegetative blazing star,sod,4.351976562
18191a,18191a01,569,1,release,7/29/2018,10:52,2017-07-20t11:09:29,0:14:50,4667964.81,612187.16,vegetative blazing star,sod,5.019372471
18192a,18192a01,571,1,release,7/29/2018,11:16,2017-07-20t11:09:31,0:10:28,4667964.81,612187.16,vegetative blazing star,sod,30.55361517
18193a,18193a01,576,1,release,7/29/2018,11:39,2017-07-20t11:09:36,0:15:00,4667964.81,612187.16,vegetative blazing star,sod,
18194a,18194a01,577,1,release,7/29/2018,12:13,2017-07-20t11:09:37,0:15:00,4667964.81,612187.16,vegetative blazing star,sod,
18195a,18195a01,578,1,release,7/29/2018,12:35,2017-07-20t11:09:38,0:06:33,4667964.81,612187.16,vegetative blazing star,sod,1.212023102
18196a,18196a01,584,1,release,7/29/2018,13:00,2017-07-20t11:09:44,0:02:00,4667964.81,612187.16,vegetative blazing star,sod,5.147785932
18197a,18197a01,586,1,release,7/29/2018,13:10,2017-07-20t11:09:46,0:10:00,4667964.81,612187.16,vegetative blazing star,sod,
18198a,18198a01,587,1,release,7/29/2018,13:26,2017-07-20t11:09:47,0:04:53,4667964.81,612187.16,vegetative blazing star,sod,0.761577311
18199a,18199a01,589,1,release,7/29/2018,13:50,2017-07-20t11:09:49,0:06:55,4667964.81,612187.16,vegetative blazing star,sod,0.39408121
18200a,18200a01,593,1,release,7/29/2018,14:08,2017-07-20t11:09:53,0:00:34,4667964.81,612187.16,vegetative blazing star,sod,214.2620382
18203a,18203a01,595,1,release,7/31/2018,10:54,2017-07-20t11:09:55,0:06:00,4622515.48,433995.11,vegetative blazing star,sod,1.106752005
18204a,18204a01,599,1,release,7/31/2018,11:12,2017-07-20t11:09:59,0:05:00,4622515.48,433995.11,vegetative blazing star,sod,0.743034319
18205a,18205a01,603,1,release,7/31/2018,11:31,2017-07-20t11:10:03,0:00:30,4622515.48,433995.11,vegetative blazing star,sod,0.521536192
18206a,18206a01,607,1,release,7/31/2018,11:42,2017-07-20t11:10:07,0:12:00,4622515.48,433995.11,vegetative blazing star,sod,129.7909261
18207a,18207a01,611,1,release,7/31/2018,12:18,2017-07-20t11:10:11,0:15:00,4622515.48,433995.11,vegetative blazing star,sod,
18208a,18208a01,612,1,release,7/31/2018,12:39,2017-07-20t11:10:12,0:00:03,4622515.48,433995.11,vegetative blazing star,sod,1.158015544
18209a,18209a01,617,1,release,7/31/2018,13:04,2017-07-20t11:10:17,0:01:00,4622515.48,433995.11,vegetative blazing star,sod,147.5243712
18210a,18210a01,619,1,release,7/31/2018,13:14,2017-07-20t11:10:19,0:00:03,4622515.48,433995.11,vegetative blazing star,sod,9.234554673
18211a,18211a01,623,1,release,7/31/2018,13:36,2017-07-20t11:10:23,0:00:03,4622515.48,433995.11,vegetative blazing star,sod,7.440436816
18212a,18212a01,626,1,release,7/31/2018,13:49,2017-07-20t11:10:26,0:01:00,4622515.48,433995.11,vegetative blazing star,sod,85.92113419
