MonarchID,LocationID,UniqueID,Order,BehaviorClassification,Date,Time,DateTime,Duration,LocationN,LocationE,Surface,LandcoverClassification,steplength,bearing
17100a,17100a01,1,1,release,7/20/2017,8:55:00,2017-07-20t11:00:01,0:01:00,4662528.47,451813,vegetative wild bergamot,sod,2.49899979956,199.88516511600
17100a,17100a02,2,2,rest,7/20/2017,8:55:00,2017-07-20t11:00:02,0:28:57,4662526.12,451812.15,grass,sod,,
17100b,17100b01,3,1,release,7/23/2017,9:37,2017-07-20t11:00:03,0:00:30,4668615.34,613114.04,vegetative wild bergamot,sod,11.00872381370,46.91405663180
17100b,17100b02,4,2,rest,7/23/2017,9:37,2017-07-20t11:00:04,0:00:01,4668622.86,613122.08,grass,sod,,
17100c,17100c01,5,1,release,7/23/2017,9:41,2017-07-20t11:00:05,0:10:00,4668615.34,613114.04,vegetative wild bergamot,sod,,
17100d,17100d03,7,3,rest,7/23/2017,9:53,2017-07-20t11:00:07,0:00:01,4668614.2,613115.47,grass,sod,,
17101a,17101a01,8,1,release,7/20/2017,7:59:00,2017-07-20t11:00:08,0:02:00,4662528.47,451813,vegetative wild bergamot,sod,11.21346511990,108.56421149800
17101a,17101a05,12,5,rest,7/20/2017,7:59:00,2017-07-20t11:00:12,0:24:47,4662524.9,451823.63,grass,sod,,
17102a,17102a01,13,1,release,7/22/2017,10:42:00,2017-07-20t11:00:13,0:07:00,4668615.03,613084.84,vegetative wild bergamot,sod,,
17103a,17103a01,14,1,release,7/20/2017,8:43:00,2017-07-20t11:00:14,0:01:13,4662528.47,451813,vegetative wild bergamot,sod,72.26967967280,95.39109885580
17103a,17103a04,17,4,rest,7/20/2017,8:43:00,2017-07-20t11:00:17,0:00:01,4662521.68,451884.95,grass,sod,,
17106a,17106a01,18,1,release,7/22/2017,8:39:00,2017-07-20t11:00:18,0:08:00,4668614.02,613090.38,vegetative wild bergamot,sod,32.10651180020,207.02794056500
17106a,17106a05,22,5,rest,7/22/2017,8:39:00,2017-07-20t11:00:22,0:00:01,4668585.42,613075.79,grass,sod,,
17106b,17106b01,23,1,release,7/22/2017,9:14:00,2017-07-20t11:00:23,0:04:56,4668614.02,613090.38,vegetative wild bergamot,sod,4.95064642256,83.62146621730
17106b,17106b02,24,2,feed,7/22/2017,9:14:00,2017-07-20t11:00:24,0:00:01,4668614.57,613095.3,resources: blazing star,sod,,
17106c,17106c01,25,1,release,7/22/2017,9:56:00,2017-07-20t11:00:25,0:01:56,4668614.02,613090.38,vegetative wild bergamot,sod,4.95064642256,83.62146621730
17106c,17106c02,26,2,feed,7/22/2017,9:56:00,2017-07-20t11:00:26,0:00:01,4668614.57,613095.3,resources: blazing star,sod,,
17106d,17106d01,27,1,release,7/22/2017,10:02:00,2017-07-20t11:00:27,0:00:06,4668614.02,613090.38,vegetative wild bergamot,sod,4.95064642256,83.62146621730
17106d,17106d02,28,2,feed,7/22/2017,10:02:00,2017-07-20t11:00:28,0:00:01,4668614.57,613095.3,resources: blazing star,sod,,
17106e,14106ee01,29,1,release,7/22/2017,10:03:00,2017-07-20t11:00:29,0:00:56,4668613.98,613085.44,vegetative wild bergamot,sod,9.87763635704,86.57563386690
17106e,14106ee02,30,2,feed,7/22/2017,10:03:00,2017-07-20t11:00:30,0:00:01,4668614.57,613095.3,resources: blazing star,sod,,
17106f,17106f01,31,1,release,7/22/2017,10:07:00,2017-07-20t11:00:31,0:08:00,4668613.98,613085.44,vegetative wild bergamot,sod,,
17109a,17109a01,32,1,release,7/22/2017,11:50:00,2017-07-20t11:00:32,0:02:00,4668614.04,613085.42,vegetative wild bergamot,sod,442.16916943600,105.96248296600
17109a,17109a04,35,4,feed,7/22/2017,11:50:00,2017-07-20t11:00:35,0:00:01,4668492.44,613510.54,blooming common milkweed,roadside,,
17110a,17110a01,36,1,release,7/23/2017,10:30,2017-07-20t11:00:36,0:00:30,4668615.4,613114.11,vegetative wild bergamot,sod,42.27446628930,147.66705992600
17110a,17110a02,37,2,rest,7/23/2017,10:30,2017-07-20t11:00:37,0:00:01,4668579.68,613136.72,grass,sod,,
17110b,17110b01,38,1,release,7/23/2017,10:35,2017-07-20t11:00:38,0:00:01,4668614.91,613104.49,potted blazing star,sod,169.84895525100,140.07781270400
17110b,17110b02,39,2,rest,7/23/2017,10:35,2017-07-20t11:00:39,0:00:01,4668484.65,613213.49,corn,corn,,
17111a,17111a01,40,1,release,7/22/2017,1:41:00,2017-07-20t11:00:40,0:02:00,4668613.74,613063.52,vegetative wild bergamot,sod,4.02100733685,144.41262944100
17111a,17111a03,42,3,rest,7/22/2017,1:41:00,2017-07-20t11:00:42,0:00:01,4668610.47,613065.86,grass,sod,,
17111b,17111b01,43,1,release,7/22/2017,1:47:00,2017-07-20t11:00:43,0:01:00,4668613.9,613063.41,vegetative wild bergamot,sod,132.62486983900,30.14355484710
17111b,17111b03,45,3,rest,7/22/2017,1:47:00,2017-07-20t11:00:45,0:00:01,4668728.59,613130.01,grass,sod,,
17111c,17111c01,46,1,release,7/23/2017,10:10,2017-07-20t11:00:46,0:10:00,4668614.91,613104.49,vegetative wild bergamot,sod,,
17113a,17113a01,47,1,release,7/23/2017,8:18:00,2017-07-20t11:00:47,0:00:30,4668615.17,613109.92,vegetative wild bergamot,sod,24.83453240940,99.12854943040
17113a,17113a02,48,2,rest,7/23/2017,8:18:00,2017-07-20t11:00:48,0:00:01,4668611.23,613134.44,grass,sod,,
17113b,17113b01,49,1,release,7/23/2017,8:24:00,2017-07-20t11:00:49,0:00:30,4668615.17,613109.92,vegetative wild bergamot,sod,26.34076878150,78.37012568880
17113b,17113b03,51,3,rest,7/23/2017,8:24:00,2017-07-20t11:00:51,0:00:01,4668620.48,613135.72,grass,sod,,
17113c,17113c01,52,1,release,7/23/2017,8:32:00,2017-07-20t11:00:52,0:01:00,4668614.8,613099.43,vegetative wild bergamot,sod,35.69328228120,78.52636574340
17113c,17113c02,53,2,rest,7/23/2017,8:32:00,2017-07-20t11:00:53,0:00:01,4668621.9,613134.41,grass,sod,,
17113d,17113d01,54,1,release,7/23/2017,8:37:00,2017-07-20t11:00:54,0:16:00,4668614.8,613099.43,vegetative wild bergamot,sod,19.95323031490,80.33468625940
17113d,17113d03,56,3,rest,7/23/2017,8:37:00,2017-07-20t11:00:56,0:00:01,4668618.15,613119.1,grass,sod,,
17115a,17115a01,57,1,release,7/24/2017,10:43,2017-07-20t11:00:57,0:02:00,4662549.3,451798.98,vegetative wild bergamot,sod,20.56329010650,206.20368632800
17115a,17115a04,60,4,rest,7/24/2017,10:43,2017-07-20t11:01:00,0:00:01,4662530.85,451789.9,grass,sod,,
17115b,17115b01,61,1,release,7/24/2017,10:46,2017-07-20t11:01:01,0:00:30,4662549.3,451798.98,vegetative wild bergamot,sod,432.84961187500,185.31295181200
17115b,17115b03,63,3,fly,7/24/2017,10:46,2017-07-20t11:01:03,0:00:01,4662118.31,451758.9,air  lost signal,na,,
17123a,17123a01,64,1,release,7/24/2017,12:10,2017-07-20t11:01:04,0:02:00,4662550.86,451776.56,vegetative wild bergamot,sod,77.42293329510,142.48329690800
17123a,17123a03,66,3,fly,7/24/2017,12:10,2017-07-20t11:01:06,0:00:01,4662489.45,451823.71,air,sod,,
17127a,17127a01,67,1,release,7/25/2017,9:57,2017-07-20t11:01:07,0:01:30,4662532.08,451810.63,vegetative wild bergamot,sod,38.89893571800,290.05609473600
17127a,17127a02,68,2,fly,7/25/2017,9:57,2017-07-20t11:01:08,0:00:01,4662545.42,451774.09,air,sod,,
17127b,17127b01,69,1,release,7/25/2017,10:08,2017-07-20t11:01:09,0:01:30,4662532.08,451810.63,vegetative wild bergamot,sod,26.87879833630,280.00551015600
17127b,17127b02,70,2,fly,7/25/2017,10:08,2017-07-20t11:01:10,0:00:01,4662536.75,451784.16,air,sod,,
17127c,17127c01,71,1,release,7/25/2017,10:17,2017-07-20t11:01:11,0:01:30,4662532.08,451810.63,vegetative wild bergamot,sod,121.86378338100,358.00610863200
17127c,17127c02,72,2,fly,7/25/2017,10:17,2017-07-20t11:01:12,0:00:01,4662653.87,451806.39,air  cross edge,edge,,
17134a,17134a01,73,1,release,7/27/2017,11:31,2017-07-20t11:01:13,0:01:00,4662542.45,451812.72,vegetative wild bergamot,sod,414.66075989900,195.42211538800
17134a,17134a06,78,6,rest,7/27/2017,11:31,2017-07-20t11:01:18,0:45:00,4662142.72,451702.45,tree,riparian,,
17135a,17135a01,79,1,release,7/27/2017,10:06,2017-07-20t11:01:19,0:00:10,4662542.45,451812.72,vegetative wild bergamot,sod,5.68792580842,247.89930087900
17135a,17135a02,80,2,rest,7/27/2017,10:06,2017-07-20t11:01:20,0:03:00,4662540.31,451807.45,grass,sod,,
17135b,17135b01,81,1,release,7/27/2017,10:10,2017-07-20t11:01:21,0:00:10,4662542.45,451812.72,vegetative wild bergamot,sod,20.21728468460,177.02296091100
17135b,17135b02,82,2,rest,7/27/2017,10:10,2017-07-20t11:01:22,0:03:00,4662522.26,451813.77,grass,sod,,
17137a,17137a01,83,1,release,7/27/2017,10:21,2017-07-20t11:01:23,0:00:10,4662517.17,451811.05,vegetative wild bergamot,sod,14.76591344940,224.17684141700
17137a,17137a03,85,3,rest,7/27/2017,10:21,2017-07-20t11:01:25,0:00:01,4662506.58,451800.76,grass,sod,,
17137b,17137b01,86,1,release,7/27/2017,10:26,2017-07-20t11:01:26,0:00:10,4662517.17,451811.05,vegetative wild bergamot,sod,4.52294152094,208.09484190000
17137b,17137b02,87,2,rest,7/27/2017,10:26,2017-07-20t11:01:27,0:00:01,4662513.18,451808.92,grass,sod,,
17137c,17137c01,88,1,release,7/27/2017,10:42,2017-07-20t11:01:28,0:00:10,4662517.17,451811.05,vegetative wild bergamot,sod,2.03943619662,238.02439629800
17137c,17137c02,89,2,rest,7/27/2017,10:42,2017-07-20t11:01:29,0:01:00,4662516.09,451809.32,grass,sod,,
17139a,17139a01,90,1,release,7/28/2017,10:37,2017-07-20t11:01:30,0:01:00,4662517.26,451811.04,vegetative wild bergamot,sod,10.19651901380,98.28903614620
17139a,17139a04,93,4,rest,7/28/2017,10:37,2017-07-20t11:01:33,0:00:01,4662515.79,451821.13,bare ground,sod,,
17139b,17139b01,94,1,release,7/28/2017,10:41,2017-07-20t11:01:34,0:01:00,4662517.26,451811.04,vegetative wild bergamot,sod,14.19239585130,235.88444887100
17139b,17139b02,95,2,rest,7/28/2017,10:41,2017-07-20t11:01:35,0:00:01,4662509.3,451799.29,grass,sod,,
17142a,17142a01,96,1,release,7/28/2017,10:26,2017-07-20t11:01:36,0:00:30,4662561.73,451812.79,vegetative wild bergamot,sod,43.40843351200,52.87403648650
17142a,17142a02,97,2,rest,7/28/2017,10:26,2017-07-20t11:01:37,0:00:01,4662587.93,451847.4,grass,sod,,
17144a,17144a01,98,1,release,7/27/2017,10:56,2017-07-20t11:01:38,0:01:00,4662561.96,451812.8,vegetative wild bergamot,sod,4.85622281156,166.90810693400
17144a,17144a03,100,3,rest,7/27/2017,10:56,2017-07-20t11:01:40,0:00:01,4662557.23,451813.9,grass,sod,,
17144b,17144b01,101,1,release,7/27/2017,11:03,2017-07-20t11:01:41,0:01:00,4662561.96,451812.8,vegetative wild bergamot,sod,3.00221584861,200.06463147800
17144b,17144b02,102,2,rest,7/27/2017,11:03,2017-07-20t11:01:42,0:00:01,4662559.14,451811.77,grass,sod,,
17145a,17145a01,103,1,release,7/28/2017,10:03,2017-07-20t11:01:43,0:16:00,4662561.73,451812.79,vegetative wild bergamot,sod,,
17146a,17145a03,105,3,rest,7/27/2017,11:14,2017-07-20t11:01:45,0:00:01,4662505.64,451782.51,grass,sod,,
17146b,17146b01,106,1,release,7/27/2017,11:17,2017-07-20t11:01:46,0:00:10,4662542.45,451812.72,vegetative wild bergamot,sod,21.68769236220,104.25409709300
17146b,17146b02,107,2,grass,7/27/2017,11:17,2017-07-20t11:01:47,0:00:01,4662537.11,451833.74,grass,sod,,
17149a,17149a01,108,1,release,7/27/2017,9:50,2017-07-20t11:01:48,0:00:10,4662517.17,451811.05,vegetative wild bergamot,sod,87.70701283230,303.18818513400
17149a,17149a03,110,3,fly,7/27/2017,9:50,2017-07-20t11:01:50,0:00:01,4662565.18,451737.65,air,sod,,
17150a,17150a01,111,1,release,7/28/2017,8:49,2017-07-20t11:01:51,0:00:10,4662542.4,451812.77,vegetative wild bergamot,sod,20.60788683960,281.27721695600
17150a,17150a05,115,5,rest,7/28/2017,8:49,2017-07-20t11:01:55,0:00:01,4662546.43,451792.56,grass,sod,,
17151a,17151a01,116,1,release,7/29/2017,1:22,2017-07-20t11:01:56,0:00:10,4668649.34,613158.22,vegetative wild bergamot,sod,16.07844830790,235.87505824900
17151a,17151a02,117,2,rest,7/29/2017,1:22,2017-07-20t11:01:57,0:01:30,4668640.32,613144.91,grass,sod,,
17153a,17153a01,118,1,release,7/29/2017,1:38,2017-07-20t11:01:58,0:01:00,4668649.34,613158.22,vegetative wild bergamot,sod,238.69219719100,230.54879451800
17153a,17153a03,120,3,fly,7/29/2017,1:38,2017-07-20t11:02:00,0:00:01,4668497.67,612973.91,air,roadside,,
17154a,17154a01,121,1,release,7/29/2017,10:50,2017-07-20t11:02:01,0:00:45,4668620.54,613123.02,vegetative wild bergamot,sod,644.51853448900,257.99390515700
17154a,17154a02,122,2,fly,7/29/2017,10:50,2017-07-20t11:02:02,0:00:01,4668486.47,612492.6,air  lost,corn,,
17159a,17159a01,123,1,release,7/29/2017,10:13,2017-07-20t11:02:03,0:01:00,4668649.34,613158.22,vegetative wild bergamot,sod,33.02377931120,283.87634085600
17159a,17159a07,129,7,rest,7/29/2017,10:13,2017-07-20t11:02:09,0:03:00,4668657.26,613126.16,grass,sod,,
17159b,17159b01,130,1,release,7/29/2017,10:21,2017-07-20t11:02:10,0:01:00,4668649.34,613158.22,vegetative wild bergamot,sod,10.94412170960,235.04658014300
17159b,17159b02,131,2,rest,7/29/2017,10:21,2017-07-20t11:02:11,0:00:01,4668643.07,613149.25,grass,sod,,
17160a,17160a01,132,1,release,7/29/2017,9:53,2017-07-20t11:02:12,0:10:00,4668649.34,613158.22,vegetative wild bergamot,sod,,
17161a,17160a02,133,2,release,7/29/2017,2:07,2017-07-20t11:02:13,0:12:00,4668649.34,613158.22,vegetative wild bergamot,sod,,
17164a,17164a01,134,1,release,7/29/2017,10:31,2017-07-20t11:02:14,0:06:00,4668636.53,613142.65,vegetative wild bergamot,sod,23.70264120310,225.34185620300
17164a,17164a02,135,2,rest,7/29/2017,10:31,2017-07-20t11:02:15,0:04:00,4668619.87,613125.79,grass,sod,,
17166a,17166a01,136,1,release,7/29/2017,1:56,2017-07-20t11:02:16,0:01:30,4668649.34,613158.22,vegetative wild bergamot,sod,2.41298570219,235.98065001800
17166a,17166a02,137,2,fly,7/29/2017,1:56,2017-07-20t11:02:17,0:00:01,4668647.99,613156.22,air,sod,,
17171a,17171a01,138,1,release,7/30/2017,9:57,2017-07-20t11:02:18,0:01:17,4668650.73,613168.52,vegetative wild bergamot,sod,151.07238331300,34.02351512100
17171a,17171a02,139,2,fly,7/30/2017,9:57,2017-07-20t11:02:19,0:00:01,4668775.94,613253.05,air,sod,,
17172a,17172a01,140,1,release,7/30/2017,11:02,2017-07-20t11:02:20,0:08:00,4668650.73,613168.52,vegetative wild bergamot,sod,1479.60805040000,350.88399703900
17172a,17172a04,143,4,fly,7/30/2017,11:02,2017-07-20t11:02:23,0:00:01,4670111.65,612934.1,air  lost signal,soy,,
17176a,17176a01,144,1,release,7/29/2017,1:10,2017-07-20t11:02:24,0:03:30,4668649.34,613158.22,vegetative wild bergamot,sod,34.43288108800,321.82875461100
17176a,17176a02,145,2,fly,7/29/2017,1:10,2017-07-20t11:02:25,0:00:01,4668676.41,613136.94,air,sod,,
17177a,17177a01,146,1,release,7/30/2017,9:13,2017-07-20t11:02:26,0:12:00,4668650.73,613168.52,vegetative wild bergamot,sod,,
17179a,17179a01,147,1,release,7/30/2017,10:24,2017-07-20t11:02:27,0:00:45,4668650.73,613168.52,vegetative wild bergamot,sod,84.93985224840,282.76659370600
17179a,17179a13,159,13,rest,7/30/2017,10:24,2017-07-20t11:02:39,0:00:45,4668669.5,613085.68,grass,sod,,
17179b,17179b01,160,1,release,7/30/2017,10:39,2017-07-20t11:02:40,0:09:00,4668650.73,613168.52,vegetative wild bergamot,sod,21.30019952960,244.52971602300
17179b,17179b05,164,5,rest,7/30/2017,10:39,2017-07-20t11:02:44,0:00:01,4668641.57,613149.29,grass,sod,,
17181a,17181a01,165,1,release,7/30/2017,10:11,2017-07-20t11:02:45,0:01:00,4668650.73,613168.52,vegetative wild bergamot,sod,24.82248375990,111.40707055700
17181a,17181a03,167,3,fly,7/30/2017,10:11,2017-07-20t11:02:47,0:00:01,4668641.67,613191.63,air,sod,,
17182a,17182a01,168,1,release,7/30/2017,9:34,2017-07-20t11:02:48,0:12:00,4668650.73,613168.52,vegetative wild bergamot,sod,,
17184a,17184a01,169,1,release,7/31/2017,12:41:00,2017-07-20t11:02:49,0:02:00,4649087.15,445305.21,vegetative wild bergamot,pasture,156.85456767300,65.49860677010
17184a,17184a02,170,2,rest,7/31/2017,12:41:00,2017-07-20t11:02:50,0:10:00,4649152.2,445447.94,tree,roadside,,
17186a,17186a01,171,1,release,8/2/2017,10:39:00,2017-07-20t11:02:51,0:00:15,4649065.09,445323.62,vegetative wild bergamot,pasture,35.15729369560,273.79998206500
17186a,17186a02,172,2,feed,8/2/2017,10:39:00,2017-07-20t11:02:52,0:00:01,4649067.42,445288.54,red clover,pasture,,
17186b,17186b01,173,1,release,8/2/2017,10:41:00,2017-07-20t11:02:53,0:00:22,4649065.09,445323.62,vegetative wild bergamot,pasture,53.89849812370,238.58958353800
17186b,17186b03,175,3,feed,8/2/2017,10:41:00,2017-07-20t11:02:55,0:00:01,4649037,445277.62,red clover,pasture,,
17186c,17186c01,176,1,release,8/2/2017,10:44:00,2017-07-20t11:02:56,0:00:29,4649065.09,445323.62,vegetative wild bergamot,pasture,97.15113380730,202.46289806000
17186c,17186c02,177,2,lost,8/2/2017,10:44:00,2017-07-20t11:02:57,0:00:01,4648975.31,445286.5,air  last visual,pasture,,
17196a,17196a01,178,1,release,8/2/2017,10:22:00,2017-07-20t11:02:58,0:10:00,4649065.09,445323.62,vegetative wild bergamot,pasture,,
17202a,17202a01,179,1,release,8/2/2017,9:28:00,2017-07-20t11:02:59,0:00:06,4649065.09,445323.62,vegetative wild bergamot,pasture,3.51051278283,359.02068034600
17202a,17202a02,180,2,feed,8/2/2017,9:28:00,2017-07-20t11:03:00,0:00:01,4649068.6,445323.56,resource: blazing star,pasture,,
17202b,17202b01,181,1,release,8/2/2017,9:30:00,2017-07-20t11:03:01,0:00:39,4649065.09,445323.62,vegetative wild bergamot,pasture,25.83665032480,69.94489723140
17202b,17202b02,182,2,rest,8/2/2017,9:30:00,2017-07-20t11:03:02,0:00:01,4649073.95,445347.89,vegetative thistle,pasture,,
17202c,17202c01,183,1,release,8/2/2017,9:40:00,2017-07-20t11:03:03,0:00:06,4649065.09,445323.62,vegetative wild bergamot,pasture,3.84443754036,346.61440618500
17202c,17202c02,184,2,feed,8/2/2017,9:40:00,2017-07-20t11:03:04,0:00:01,4649068.83,445322.73,resource: blazing star,pasture,,
17202d,17202d01,185,1,release,8/2/2017,9:43:00,2017-07-20t11:03:05,0:00:02,4649065.09,445323.62,vegetative wild bergamot,pasture,3.54189214978,342.07660704500
17202d,17202d02,186,2,rest,8/2/2017,9:43:00,2017-07-20t11:03:06,0:00:01,4649068.46,445322.53,vegetative thistle,pasture,,
17202e,17202ee01,187,1,release,8/2/2017,9:46:00,2017-07-20t11:03:07,0:00:11,4649048.84,445323.7,vegetative wild bergamot,pasture,14.25768915360,68.22097750620
17202e,17202ee02,188,2,rest,8/2/2017,9:46:00,2017-07-20t11:03:08,0:00:01,4649054.13,445336.94,vegetative stage common milkweed,pasture,,
17202f,17202f01,189,1,release,8/2/2017,9:48:00,2017-07-20t11:03:09,0:00:11,4649048.84,445323.7,vegetative wild bergamot,pasture,20.86547387450,126.18888326000
17202f,17202f02,190,2,feed,8/2/2017,9:48:00,2017-07-20t11:03:10,0:00:01,4649036.52,445340.54,red clover,pasture,,
17204a,17204a01,191,1,release,8/2/2017,9:55:00,2017-07-20t11:03:11,0:00:50,4649065.09,445323.62,vegetative wild bergamot,pasture,1.58319297583,170.18069935800
17204a,17204a02,192,2,rest,8/2/2017,9:55:00,2017-07-20t11:03:12,0:00:01,4649063.53,445323.89,grass,pasture,,
17204b,17204b01,193,1,release,8/2/2017,9:58:00,2017-07-20t11:03:13,0:00:30,4649065.09,445323.62,vegetative wild bergamot,pasture,379.00101873200,184.14431781000
17204b,17204b03,195,3,fly,8/2/2017,9:58:00,2017-07-20t11:03:15,0:00:01,4648687.08,445296.23,air  last visual,pasture,,
17205a,17205a01,196,1,release,8/5/2017,1:18,2017-07-20t11:03:16,0:05:00,4668591.43,613089.56,vegetative wild bergamot,sod,,
17212a,17212a01,197,1,release,8/5/2017,12:14,2017-07-20t11:03:17,0:00:08,4668591.43,613089.56,vegetative wild bergamot,sod,22.12152119580,47.69320816210
17212a,17212a02,198,2,rest,8/5/2017,12:14,2017-07-20t11:03:18,0:00:01,4668606.32,613105.92,grass,sod,,
17213a,17213a01,199,1,release,8/5/2017,9:51,2017-07-20t11:03:19,0:09:45,4668620.35,613143.94,vegetative wild bergamot,sod,337.09026165100,36.94128574680
17213a,17213a03,201,3,rest,8/5/2017,9:51,2017-07-20t11:03:21,0:11:00,4668889.77,613346.53,corn,corn,,
17214a,17214a01,202,1,release,8/5/2017,1:44,2017-07-20t11:03:22,0:00:20,4668591.43,613089.56,vegetative wild bergamot,sod,308.74976745000,7.14826408677
17214a,17214a03,204,3,rest,8/5/2017,1:44,2017-07-20t11:03:24,0:00:01,4668897.78,613127.98,weedy edge,edge,,
17215a,17215a01,205,1,release,8/5/2017,12:29,2017-07-20t11:03:25,0:02:10,4668591.43,613089.56,vegetative wild bergamot,sod,98.41741969840,17.19218533590
17215a,17215a02,206,2,fly,8/5/2017,12:29,2017-07-20t11:03:26,0:00:01,4668685.45,613118.65,air,sod,,
17216a,17216a01,207,1,release,8/5/2017,12:53,2017-07-20t11:03:27,0:10:00,4668591.43,613089.56,vegetative wild bergamot,sod,,
17217a,17217a01,208,1,release,8/5/2017,11:38,2017-07-20t11:03:28,0:09:22,4668591.43,613089.56,vegetative wild bergamot,sod,118.01502489100,39.01920537290
17217a,17217a02,209,2,fly,8/5/2017,11:38,2017-07-20t11:03:29,0:00:01,4668683.12,613163.86,air,sod,,
17218a,17218a01,210,1,release,8/5/2017,11:00,2017-07-20t11:03:30,0:00:17,4668591.43,613089.56,vegetative wild bergamot,sod,35.12371563500,64.30311079260
17218a,17218a02,211,2,fly,8/5/2017,11:00,2017-07-20t11:03:31,0:00:01,4668606.66,613121.21,air,sod,,
17219a,17219a01,212,1,release,8/5/2017,11:49,2017-07-20t11:03:32,0:10:00,4668591.43,613089.56,vegetative wild bergamot,sod,,
17230a,17230a01,213,1,release,8/5/2017,2:09,2017-07-20t11:03:33,0:00:45,4668591.43,613089.56,vegetative wild bergamot,sod,320.82389717800,17.20369996090
17230a,17230a03,215,3,fly,8/5/2017,2:09,2017-07-20t11:03:35,0:00:01,4668897.9,613184.45,air  cross edge,edge,,
17234a,17234a01,216,1,release,8/12/2017,1:22,2017-07-20t11:03:36,0:12:00,4668702.37,613141.14,vegetative wild bergamot,sod,,
17235a,17235a01,217,1,release,8/12/2017,1:45,2017-07-20t11:03:37,0:00:30,4668702.37,613141.14,vegetative wild bergamot,sod,26.54611836080,150.47999585400
17235a,17235a09,225,9,rest,8/12/2017,1:45,2017-07-20t11:03:45,0:00:30,4668679.27,613154.22,grass,sod,,
17237a,17237a01,226,1,release,8/12/2017,2:24,2017-07-20t11:03:46,0:00:20,4668702.37,613141.14,vegetative wild bergamot,sod,1.55756219826,167.39139321200
17237a,17237a02,227,2,rest,8/12/2017,2:24,2017-07-20t11:03:47,0:10:00,4668700.85,613141.48,grass,sod,,
17244a,17244a01,228,1,release,8/13/2017,10:24,2017-07-20t11:03:48,0:00:03,4668690.67,613158.26,vegetative wild bergamot,sod,6.62650737540,323.83912953200
17244a,17244a02,229,2,rest,8/13/2017,10:24,2017-07-20t11:03:49,0:02:30,4668696.02,613154.35,grass,sod,,
17246a,17246a01,230,1,release,8/12/2017,1:03,2017-07-20t11:03:50,0:06:00,4668702.37,613141.14,vegetative wild bergamot,sod,19.35785370360,183.58371951700
17246a,17246a02,231,2,rest,8/12/2017,1:03,2017-07-20t11:03:51,0:00:01,4668683.05,613139.93,grass,sod,,
17247a,17247a01,232,1,release,8/12/2017,2:07,2017-07-20t11:03:52,0:00:10,4668702.37,613141.14,vegetative wild bergamot,sod,97.06858245590,182.71030776300
17247a,17247a02,233,2,fly,8/12/2017,2:07,2017-07-20t11:03:53,0:00:01,4668605.41,613136.55,air,sod,,
17248a,17248a01,234,1,release,8/13/2017,10:50,2017-07-20t11:03:54,0:10:00,4668690.67,613158.26,vegetative wild bergamot,sod,,
17251a,17251a01,235,1,release,8/12/2017,12:50,2017-07-20t11:03:55,0:01:00,4668702.37,613141.14,vegetative wild bergamot,sod,10.94143043630,182.61920689200
17251a,17251a02,236,2,rest,8/12/2017,12:50,2017-07-20t11:03:56,0:00:01,4668691.44,613140.64,grass,sod,,
17253a,17253a01,237,1,release,8/13/2017,11:21,2017-07-20t11:03:57,0:00:10,4668690.67,613158.26,vegetative wild bergamot,sod,222.92229408500,335.01447151800
17253a,17253a02,238,2,fly,8/13/2017,11:21,2017-07-20t11:03:58,0:00:01,4668892.73,613064.1,air  cross edge,edge,,
17254a,17254a01,239,1,release,8/13/2017,10:13,2017-07-20t11:03:59,0:00:15,4668690.67,613158.26,vegetative wild bergamot,sod,19.45043444240,312.45797014400
17254a,17254a02,240,2,rest,8/13/2017,10:13,2017-07-20t11:04:00,0:00:01,4668703.8,613143.91,grass,sod,,
17261a,17261a01,241,1,release,8/13/2017,10:35,2017-07-20t11:04:01,0:00:10,4668690.67,613158.26,vegetative wild bergamot,sod,22.16738369770,319.07910604400
17261a,17261a06,246,6,rest,8/13/2017,10:35,2017-07-20t11:04:06,0:00:01,4668707.42,613143.74,grass,sod,,
17262a,17262a01,247,1,release,8/13/2017,9:53,2017-07-20t11:04:07,0:00:13,4668690.67,613158.26,vegetative wild bergamot,sod,1.19540788013,235.91112838700
17262a,17262a02,248,2,rest,8/13/2017,9:53,2017-07-20t11:04:08,0:10:00,4668690,613157.27,grass,sod,,
17283a,17283a01,249,1,release,8/26/2017,1:42,2017-07-20t11:04:09,0:00:10,4668668.56,613167.03,vegetative wild bergamot,sod,608.46682095300,291.58161182100
17283a,17283a02,250,2,fly,8/26/2017,1:42,2017-07-20t11:04:10,0:00:01,4668892.37,612601.22,air  cross edge,edge,,
17284a,17284a01,251,1,release,8/26/2017,2:12,2017-07-20t11:04:11,0:01:20,4668668.56,613167.03,vegetative wild bergamot,sod,1.12893755303,198.59544079200
17284a,17284a02,252,2,rest,8/26/2017,2:12,2017-07-20t11:04:12,0:08:30,4668667.49,613166.67,grass,sod,,
17285a,17291a01,253,1,release,8/26/2017,2:29,2017-07-20t11:04:13,0:10:00,4668668.56,613167.03,vegetative wild bergamot,sod,,
17291a,17291a01,254,1,release,8/26/2017,2:04,2017-07-20t11:04:14,0:00:35,4668668.56,613167.03,vegetative wild bergamot,sod,17.43126214600,279.34344025600
17291a,17291a02,255,2,rest,8/26/2017,2:04,2017-07-20t11:04:15,0:00:01,4668671.39,613149.83,grass,sod,,
18037a,18037a01,256,1,release,6/27/2018,11:10,2017-07-20t11:04:16,0:36:00,4622511.18,434075.68,vegetative blazing star,sod,,
18040a,18040a01,257,1,release,6/27/2018,11:58,2017-07-20t11:04:17,0:10:00,4622511.18,434075.68,vegetative blazing star,sod,8.39443863521,282.03278479600
18040a,18040a04,260,4,rest,6/27/2018,11:58,2017-07-20t11:04:20,0:10:00,4622512.93,434067.47,grass,sod,,
18075a,18075a01,261,1,release,6/30/2018,9:29,2017-07-20t11:04:21,0:07:39,4667950.84,612175.28,vegetative blazing star,sod,93.87735882530,48.80488849390
18075a,18075a03,263,3,fly,6/30/2018,9:29,2017-07-20t11:04:23,0:00:01,4668012.67,612245.92,air,sod,,
18078a,18078a01,264,1,release,6/27/2018,12:34,2017-07-20t11:04:24,0:01:00,4622511.18,434075.68,vegetative blazing star,sod,19.63330079250,322.47055293500
18078a,18078a04,267,4,rest,6/27/2018,12:34,2017-07-20t11:04:27,0:01:00,4622526.75,434063.72,grass berm,edge,,
18081a,18081a01,268,1,release,6/27/2018,12:49,2017-07-20t11:04:28,0:03:00,4622511.18,434075.68,vegetative blazing star,sod,28.89920587130,232.60668672000
18081a,18081a10,277,10,rest,6/27/2018,12:49,2017-07-20t11:04:37,0:08:00,4622493.63,434052.72,grass berm,edge,,
18082a,18082a01,278,1,release,6/28/2018,10:02,2017-07-20t11:04:38,0:00:10,4622484.5,434078.99,vegetative blazing star,sod,56.63386001300,310.92610588100
18082a,18082a07,284,7,fly,6/28/2018,10:02,2017-07-20t11:04:44,0:00:01,4622521.6,434036.2,air,sod,,
18084a,18084a01,285,1,rest,6/28/2018,10:28,2017-07-20t11:04:45,0:00:03,4622484.5,434078.99,vegetative blazing star,sod,57.57958405530,311.64180295200
18084a,18084a03,287,3,fly,6/28/2018,10:28,2017-07-20t11:04:47,0:00:01,4622522.76,434035.96,air,sod,,
18085a,18085a01,288,1,release,6/28/2018,10:58,2017-07-20t11:04:48,0:00:03,4622484.5,434078.99,vegetative blazing star,sod,34.22114112630,310.86461729200
18085a,18085a04,291,4,rest,6/28/2018,10:58,2017-07-20t11:04:51,0:00:01,4622506.89,434053.11,grass,sod,,
18086a,18086a01,292,1,release,6/30/2018,9:57,2017-07-20t11:04:52,0:03:00,4667950.84,612175.28,vegetative blazing star,sod,64.82861251010,23.19162756560
18086a,18086a09,300,9,rest,6/30/2018,9:57,2017-07-20t11:05:00,0:00:01,4668010.43,612200.81,grass,sod,,
18087a,18087a01,301,1,release,6/30/2018,10:38,2017-07-20t11:05:01,0:15:00,4667950.84,612175.28,vegetative blazing star,sod,,
18087b,18087b01,302,1,release,6/30/2018,9:43,2017-07-20t11:05:02,0:08:54,4622514.66,434082.99,vegetative blazing star,sod,23.70237118950,225.20511527900
18087b,18087b11,312,11,rest,6/30/2018,9:43,2017-07-20t11:05:12,0:00:01,4622497.96,434066.17,grass,sod,,
18090a,18090a01,313,1,release,7/1/2018,7:14,2017-07-20t11:05:13,0:15:00,4667951.14,612175.44,vegetative blazing star,sod,,
18090b,18090b01,314,1,release,7/2/2018,10:05,2017-07-20t11:05:14,0:15:00,4622514.66,434082.99,vegetative blazing star,sod,,
18091a,18091a01,315,1,release,7/1/2018,7:51,2017-07-20t11:05:15,0:08:00,4667951.14,612175.44,vegetative blazing star,sod,83.83444280240,330.03725863200
18091a,18091a07,321,7,rest,7/1/2018,7:51,2017-07-20t11:05:21,0:00:01,4668023.77,612133.57,grass,sod,,
18091b,18091b01,322,1,release,7/2/2018,11:32,2017-07-20t11:05:22,0:15:00,4622514.66,434082.99,vegetative blazing star,sod,,
18093a,18090a01,323,1,release,7/1/2018,8:26,2017-07-20t11:05:23,0:25:00,4667951.14,612175.44,vegetative blazing star,sod,,
18093b,18093b01,324,1,release,7/2/2018,12:50,2017-07-20t11:05:24,0:15:00,4622514.66,434082.99,vegetative blazing star,sod,,
18094a,18094a01,325,1,release,7/2/2018,12:06,2017-07-20t11:05:25,0:00:10,4622514.66,434082.99,vegetative blazing star,sod,182.28829611400,43.71748949920
18094a,18094a05,329,5,fly,7/2/2018,12:06,2017-07-20t11:05:29,0:00:01,4622646.41,434208.97,air  lost,na,,
18095a,18095a01,330,1,release,7/2/2018,11:07,2017-07-20t11:05:30,0:15:00,4622514.66,434082.99,vegetative blazing star,sod,20.19269669950,72.80339490680
18095a,18095a03,332,3,rest,7/2/2018,11:07,2017-07-20t11:05:32,0:00:01,4622520.63,434102.28,grass berm,edge,,
18096a,18096a01,333,1,release,7/2/2018,10:27,2017-07-20t11:05:33,0:02:00,4622514.66,434082.99,vegetative blazing star,sod,203.60650898200,222.59757126600
18096a,18096a09,341,9,fly,7/2/2018,10:27,2017-07-20t11:05:41,0:00:01,4622364.78,433945.18,tree,edge,,
18097a,18097a01,342,1,release,7/2/2018,12:25,2017-07-20t11:05:42,0:13:00,4622514.66,434082.99,vegetative blazing star,sod,63.15391515980,353.84615814200
18097a,18097a05,346,5,fly,7/2/2018,12:25,2017-07-20t11:05:46,0:00:01,4622577.45,434076.22,air,edge,,
18098a,18098a01,347,1,release,7/2/2018,13:10,2017-07-20t11:05:47,0:01:00,4622514.66,434082.99,vegetative blazing star,sod,151.90682571800,5.56835229603
18098a,18098a11,357,11,fly,7/2/2018,13:10,2017-07-20t11:05:57,0:00:01,4622665.85,434097.73,air,sod,,
18099a,18099a01,358,1,release,7/2/2018,11:51,2017-07-20t11:05:58,0:00:20,4622514.66,434082.99,vegetative blazing star,sod,157.25266547800,271.74188474400
18099a,18099a06,363,6,fly,7/2/2018,11:51,2017-07-20t11:06:03,0:00:01,4622519.44,433925.81,air,edge,,
18100a,18100a01,364,1,release,7/7/2018,10:57,2017-07-20t11:06:04,0:15:00,4667945.27,612170.26,vegetative blazing star,sod,,
18105a,18105a01,365,1,release,7/7/2018,11:26,2017-07-20t11:06:05,0:25:00,4667945.27,612170.26,vegetative blazing star,sod,,
18105b,18105b01,366,1,release,7/8/2018,10:31,2017-07-20t11:06:06,0:03:23,4667945.32,612176.17,vegetative blazing star,sod,47.76201524210,30.15109034850
18105b,18105b06,371,6,rest,7/8/2018,10:31,2017-07-20t11:06:11,0:06:00,4667986.62,612200.16,grass,sod,,
18106a,18106a01,372,1,release,7/7/2018,10:27,2017-07-20t11:06:12,0:15:00,4667945.27,612170.26,vegetative blazing star,sod,,
18106b,18106b01,373,1,release,7/8/2018,11:40,2017-07-20t11:06:13,0:00:37,4667945.32,612176.17,vegetative blazing star,sod,73.42815604390,320.35428001100
18106b,18106b09,381,9,fly,7/8/2018,11:40,2017-07-20t11:06:21,0:00:01,4668001.86,612129.32,air,sod,,
18111a,18111a01,382,1,release,7/7/2018,12:02,2017-07-20t11:06:22,0:00:05,4667945.27,612170.26,vegetative blazing star,sod,51.64096436030,346.15212259100
18111a,18111a02,383,2,rest,7/7/2018,12:02,2017-07-20t11:06:23,0:00:01,4667995.41,612157.9,grass,sod,,
18111b,18111b01,384,1,release,7/7/2018,12:11,2017-07-20t11:06:24,0:01:30,4667945.27,612170.26,vegetative blazing star,sod,12.33322747740,306.06152884100
18111b,18111b02,385,2,fly,7/7/2018,12:11,2017-07-20t11:06:25,0:00:01,4667952.53,612160.29,air,sod,,
18111c,18111c01,386,1,release,7/7/2018,12:17,2017-07-20t11:06:26,0:03:00,4667945.27,612170.26,vegetative blazing star,sod,36.85394144460,356.62440999000
18111c,18111c02,387,2,fly,7/7/2018,12:17,2017-07-20t11:06:27,0:00:01,4667982.06,612168.09,air,sod,,
18113a,18113a01,388,1,release,7/8/2018,9:46,2017-07-20t11:06:28,0:01:50,4667945.32,612176.17,vegetative blazing star,sod,45.66741179370,4.44585602863
18113a,18113a03,390,3,fly,7/8/2018,9:46,2017-07-20t11:06:30,0:00:01,4667990.85,612179.71,air,sod,,
18113b,18113b01,391,1,release,7/8/2018,9:54,2017-07-20t11:06:31,0:10:00,4667945.32,612176.17,vegetative blazing star,sod,49.48613240080,84.64309424440
18113b,18113b03,393,3,fly,7/8/2018,9:54,2017-07-20t11:06:33,0:00:01,4667949.94,612225.44,air,sod,,
18118a,18118a01,394,1,release,7/7/2018,12:27,2017-07-20t11:06:34,0:01:40,4667945.27,612170.26,vegetative blazing star,sod,81.38453968670,280.88605885900
18118a,18118a02,395,2,fly,7/7/2018,12:27,2017-07-20t11:06:35,0:00:01,4667960.64,612090.34,air,sod,,
18119a,18119a01,396,1,release,7/8/2018,10:11,2017-07-20t11:06:36,0:10:00,4667945.32,612176.17,vegetative blazing star,sod,,
18121a,18121a01,397,1,release,7/8/2018,11:03,2017-07-20t11:06:37,0:12:50,4667945.32,612176.17,vegetative blazing star,sod,1.17170815463,296.34636603700
18121a,18121a02,398,2,rest,7/8/2018,11:03,2017-07-20t11:06:38,0:07:00,4667945.84,612175.12,grass,sod,,
18122a,18122a01,399,1,release,7/8/2018,12:03,2017-07-20t11:06:39,0:01:10,4667945.32,612176.17,vegetative blazing star,sod,2.08597698867,13.30343043940
18122a,18122a03,401,3,rest,7/8/2018,12:03,2017-07-20t11:06:41,0:12:00,4667947.35,612176.65,grass,sod,,
18123a,18123a01,402,1,release,7/8/2018,12:30,2017-07-20t11:06:42,0:09:00,4667945.32,612176.17,vegetative blazing star,sod,199.21778660600,334.73412518300
18123a,18123a03,404,3,fly,7/8/2018,12:30,2017-07-20t11:06:44,0:00:01,4668125.48,612091.14,air  lost,soy,,
18124a,18124a01,405,1,release,7/17/2018,10:00,2017-07-20t11:06:45,0:15:00,4622500.41,434078.61,vegetative blazing star,sod,,
18125a,18125a01,406,1,release,7/18/2018,10:37,2017-07-20t11:06:46,0:00:45,4622502.95,434077.73,vegetative blazing star,sod,39.07765601980,9.51535152186
18125a,18125a04,409,4,rest,7/18/2018,10:37,2017-07-20t11:06:49,0:00:01,4622541.49,434084.19,grass,sod,,
18126a,18126a01,410,1,release,7/17/2018,12:57,2017-07-20t11:06:50,0:00:44,4622500.41,434078.61,vegetative blazing star,sod,10.30248998980,353.19919180100
18126a,18126a05,414,5,rest,7/17/2018,12:57,2017-07-20t11:06:54,0:02:15,4622510.64,434077.39,grass,sod,,
18127a,18127a01,415,1,release,7/18/2018,9:43,2017-07-20t11:06:55,0:15:00,4622502.95,434077.73,vegetative blazing star,sod,,
18128a,18128a01,416,1,release,7/17/2018,12:41,2017-07-20t11:06:56,0:01:25,4622500.41,434078.61,vegetative blazing star,sod,31.91111561800,147.55497205000
18128a,18128a03,418,3,fly,7/17/2018,12:41,2017-07-20t11:06:58,0:00:01,4622473.48,434095.73,air,sod,,
18129a,18129a01,419,1,release,7/18/2018,10:49,2017-07-20t11:06:59,0:00:10,4622502.95,434077.73,vegetative blazing star,sod,93.53117234340,20.14378026670
18129a,18129a03,421,3,rest,7/18/2018,10:49,2017-07-20t11:07:01,0:00:01,4622590.76,434109.94,grass berm,edge,,
18131a,18131a01,422,1,release,7/17/2018,10:27,2017-07-20t11:07:02,0:01:45,4622500.41,434078.61,vegetative blazing star,sod,297.23067540200,333.71598572100
18131a,18131a04,425,4,fly,7/17/2018,10:27,2017-07-20t11:07:05,0:00:01,4622766.91,433946.99,air  lost,corn,,
18133a,18133a01,426,1,release,7/17/2018,13:48,2017-07-20t11:07:06,0:00:10,4622500.41,434078.61,vegetative blazing star,sod,36.67814744530,163.90225630600
18133a,18133a03,428,3,fly,7/17/2018,13:48,2017-07-20t11:07:08,0:00:01,4622465.17,434088.78,air,sod,,
18134a,18134a01,429,1,release,7/21/2018,11:19,2017-07-20t11:07:09,0:05:08,4667940.73,612196.74,vegetative blazing star,sod,164.43717250100,200.46387941300
18134a,18134a03,431,3,fly,7/21/2018,11:19,2017-07-20t11:07:11,0:00:01,4667786.67,612139.25,air,sod,,
18135a,18135a01,432,1,release,7/21/2018,11:38,2017-07-20t11:07:12,0:13:00,4667940.73,612196.74,vegetative blazing star,sod,6.72428434921,182.04540848900
18135a,18135a03,434,3,rest,7/21/2018,11:38,2017-07-20t11:07:14,0:00:30,4667934.01,612196.5,grass,sod,,
18137a,18137a01,435,1,release,7/18/2018,12:13,2017-07-20t11:07:15,0:15:00,4622502.95,434077.73,vegetative blazing star,sod,,
18138a,18138a01,436,1,release,7/18/2018,11:01,2017-07-20t11:07:16,0:03:00,4622502.95,434077.73,vegetative blazing star,sod,14.23829343700,282.69903158500
18138a,18138a07,442,7,rest,7/18/2018,11:01,2017-07-20t11:07:22,0:09:00,4622506.08,434063.84,grass,sod,,
18139a,18139a01,443,1,release,7/18/2018,11:28,2017-07-20t11:07:23,0:15:00,4622502.95,434077.73,vegetative blazing star,sod,53.73394643950,353.51379606100
18139a,18139a02,444,2,rest,7/18/2018,11:28,2017-07-20t11:07:24,0:00:01,4622556.34,434071.66,grass,sod,,
18140a,18140a01,445,1,release,7/18/2018,10:04,2017-07-20t11:07:25,0:01:00,4622502.95,434077.73,vegetative blazing star,sod,3.35882419882,44.63813673480
18140a,18140a03,447,3,rest,7/18/2018,10:04,2017-07-20t11:07:27,0:10:00,4622505.34,434080.09,grass,sod,,
18141a,18141a01,448,1,release,7/18/2018,10:27,2017-07-20t11:07:28,0:01:00,4622502.95,434077.73,vegetative blazing star,sod,22.68049602630,269.62106518300
18141a,18141a03,450,3,rest,7/18/2018,10:27,2017-07-20t11:07:30,0:00:01,4622502.8,434055.05,grass,sod,,
18142a,18142a01,451,1,release,7/17/2018,12:25,2017-07-20t11:07:31,0:02:09,4622500.41,434078.61,vegetative blazing star,sod,4.86902454352,185.06658431600
18142a,18142a02,452,2,feed,7/17/2018,12:25,2017-07-20t11:07:32,0:00:01,4622495.56,434078.18,resources: blazing star,sod,,
18143a,18143a01,453,1,release,7/21/2018,13:33,2017-07-20t11:07:33,0:00:19,4667940.73,612196.74,vegetative blazing star,sod,105.13344900600,147.07780080600
18143a,18143a08,460,8,fly,7/21/2018,13:33,2017-07-20t11:07:40,0:00:01,4667852.48,612253.88,air,sod,,
18144a,18144a01,461,1,release,7/17/2018,13:17,2017-07-20t11:07:41,0:15:00,4622500.41,434078.61,vegetative blazing star,sod,46.11876516150,356.44458950300
18144a,18144a02,462,2,fly,7/17/2018,13:17,2017-07-20t11:07:42,0:00:01,4622546.44,434075.75,air,sod,,
18145a,18145a01,463,1,release,7/21/2018,12:02,2017-07-20t11:07:43,0:06:00,4667940.73,612196.74,vegetative blazing star,sod,314.18756500000,143.83184773300
18145a,18145a02,464,2,fly,7/21/2018,12:02,2017-07-20t11:07:44,0:00:01,4667687.09,612382.16,air  cross edge,edge,,
18146a,18146a01,465,1,release,7/21/2018,13:02:00,2017-07-20t11:07:45,0:00:12,4667940.73,612196.74,vegetative blazing star,sod,729.65740796700,154.11096866700
18146a,18146a03,467,3,fly,7/21/2018,13:02:00,2017-07-20t11:07:47,0:00:01,4667284.3,612515.33,air  cross telephone line,edge,,
18147a,18147a01,468,1,release,7/21/2018,14:13:00,2017-07-20t11:07:48,0:01:04,4667940.73,612196.74,vegetative blazing star,sod,245.36089765900,130.47262624700
18147a,18147a03,470,3,catch,7/21/2018,14:13:00,2017-07-20t11:07:50,0:00:01,4667781.47,612383.39,air,sod,,
18147b,18147b01,471,1,release,7/22/2018,9:36:00,2017-07-20t11:07:51,0:15:00,4667941.87,612195.9,vegetative blazing star,sod,,
18148a,18148a01,472,1,release,7/21/2018,14:30:00,2017-07-20t11:07:52,0:00:30,4667940.73,612196.74,vegetative blazing star,sod,516.22859907200,152.31062439000
18148a,18148a04,475,4,fly,7/21/2018,14:30:00,2017-07-20t11:07:55,0:00:01,4667483.62,612436.62,lost  last visual,sod,,
18149a,18149a01,476,1,release,7/21/2018,14:56:00,2017-07-20t11:07:56,0:00:13,4667940.73,612196.74,vegetative blazing star,sod,749.07207089900,152.45281993300
18149a,18149a03,478,3,fly,7/21/2018,14:56:00,2017-07-20t11:07:58,0:00:01,4667276.58,612543.17,lost  last visual,edge,,
18150a,18150a01,479,1,release,7/21/2018,13:55,2017-07-20t11:07:59,0:00:30,4667940.73,612196.74,vegetative blazing star,sod,105.55708597800,115.96788774200
18150a,18150a05,483,5,fly,7/21/2018,13:55,2017-07-20t11:08:03,0:00:01,4667894.51,612291.64,air,sod,,
18152a,18152a01,484,1,release,7/22/2018,9:59:00,2017-07-20t11:08:04,0:15:00,4667941.87,612195.9,vegetative blazing star,sod,,
18152b,18152b01,485,1,release,7/22/2018,11:17:00,2017-07-20t11:08:05,0:05:50,4667941.87,612195.9,vegetative blazing star,sod,10.70848728840,123.69006752800
18152b,18152b03,487,3,fly,7/22/2018,11:17:00,2017-07-20t11:08:07,0:00:01,4667935.93,612204.81,air,sod,,
18153a,18153a01,488,1,release,7/22/2018,11:40:00,2017-07-20t11:08:08,0:02:13,4667941.87,612195.9,vegetative blazing star,sod,165.23292952600,198.82970775600
18153a,18153a07,494,7,fly,7/22/2018,11:40:00,2017-07-20t11:08:14,0:00:01,4667785.48,612142.57,air,sod,,
18154a,18154a01,495,1,release,7/22/2018,12:08,2017-07-20t11:08:15,0:15:00,4667941.87,612195.9,vegetative blazing star,sod,,
18159a,18159a01,496,1,release,7/22/2018,12:28,2017-07-20t11:08:16,0:15:00,4667941.87,612195.9,vegetative blazing star,sod,,
18161a,18161a01,497,1,release,7/24/2018,13:54,2017-07-20t11:08:17,0:10:00,4622527.19,434082.33,vegetative blazing star,sod,140.48136460100,108.30855369300
18161a,18161a03,499,3,rest,7/24/2018,13:54,2017-07-20t11:08:19,0:00:01,4622483.06,434215.7,berm,sod,,
18162a,18162a01,500,1,release,7/24/2018,13:36,2017-07-20t11:08:20,0:05:00,4622527.19,434082.33,vegetative blazing star,sod,185.31937756200,158.38690226700
18162a,18162a04,503,4,fly,7/24/2018,13:36,2017-07-20t11:08:23,0:00:01,4622354.9,434150.59,air  cross edge,edge,,
18163a,18163a01,504,1,release,7/24/2018,13:16,2017-07-20t11:08:24,0:15:00,4622527.19,434082.33,vegetative blazing star,sod,,
18164a,18164a01,505,1,release,7/24/2018,12:59,2017-07-20t11:08:25,0:00:30,4622527.19,434082.33,vegetative blazing star,sod,165.77536849700,200.39828178400
18164a,18164a05,509,5,fly,7/24/2018,12:59,2017-07-20t11:08:29,0:00:01,4622371.81,434024.55,air,sod,,
18165a,18165a01,510,1,release,7/24/2018,12:38,2017-07-20t11:08:30,0:15:00,4622527.19,434082.33,vegetative blazing star,sod,,
18166a,18166a01,511,1,release,7/24/2018,12:15,2017-07-20t11:08:31,0:04:00,4622527.19,434082.33,vegetative blazing star,sod,291.50332622500,181.79678659800
18166a,18166a04,514,4,rest,7/24/2018,12:15,2017-07-20t11:08:34,0:00:01,4622235.83,434073.19,soy,soy,,
18167a,18167a01,515,1,release,7/24/2018,12:00,2017-07-20t11:08:35,0:15:00,4622527.19,434082.33,vegetative blazing star,sod,,
18168a,18168a01,516,1,release,7/24/2018,11:49,2017-07-20t11:08:36,0:01:00,4622527.19,434082.33,vegetative blazing star,sod,170.67637797900,173.62199513600
18168a,18168a03,518,3,fly,7/24/2018,11:49,2017-07-20t11:08:38,0:00:01,4622357.57,434101.29,air,na,,
18169a,18169a01,519,1,release,7/24/2018,11:27,2017-07-20t11:08:39,0:01:00,4622527.19,434082.33,vegetative blazing star,sod,263.76843499600,185.32520908400
18169a,18169a04,522,4,rest,7/24/2018,11:27,2017-07-20t11:08:42,0:00:01,4622264.56,434057.85,corn,corn,,
18170a,18170a01,523,1,release,7/24/2018,11:12,2017-07-20t11:08:43,0:00:30,4622527.19,434082.33,vegetative blazing star,sod,62.37892993620,85.90914792050
18170a,18170a05,527,5,rest,7/24/2018,11:12,2017-07-20t11:08:47,0:00:01,4622531.64,434144.55,berm,sod,,
18171a,18171a01,528,1,release,7/24/2018,11:00,2017-07-20t11:08:48,0:02:00,4622527.19,434082.33,vegetative blazing star,sod,145.73247990800,145.21508216800
18171a,18171a04,531,4,rest,7/24/2018,11:00,2017-07-20t11:08:51,0:00:01,4622407.5,434165.47,grass,sod,,
18172a,18172a01,532,1,release,7/24/2018,10:39,2017-07-20t11:08:52,0:15:00,4622527.19,434082.33,vegetative blazing star,sod,,
18173a,18173a01,533,1,release,7/26/2018,9:44,2017-07-20t11:08:53,0:15:00,4622507.88,434018.72,vegetative blazing star,sod,,
18174a,18174a01,534,1,release,7/26/2018,10:05,2017-07-20t11:08:54,0:01:00,4622507.88,434018.72,vegetative blazing star,sod,426.86185083700,120.50175021900
18174a,18174a05,538,5,fly,7/26/2018,10:05,2017-07-20t11:08:58,0:00:01,4622291.22,434386.51,air  lost,na,,
18175a,18175a01,539,1,release,7/26/2018,10:36,2017-07-20t11:08:59,0:03:00,4622507.88,434018.72,vegetative blazing star,sod,248.38041307600,113.86739660900
18175a,18175a05,543,5,fly,7/26/2018,10:36,2017-07-20t11:09:03,0:00:01,4622407.38,434245.86,air  lost,na,,
18176a,18176a01,544,1,release,7/26/2018,10:58,2017-07-20t11:09:04,0:02:00,4622507.88,434018.72,vegetative blazing star,sod,42.72243906900,102.68300030500
18176a,18176a05,548,5,rest,7/26/2018,10:58,2017-07-20t11:09:08,0:00:01,4622498.5,434060.4,berm,sod,,
18177a,18177a01,549,1,release,7/26/2018,11:22,2017-07-20t11:09:09,0:02:00,4622507.88,434018.72,vegetative blazing star,sod,387.87375072300,128.95879179900
18177a,18177a02,550,2,fly,7/26/2018,11:22,2017-07-20t11:09:10,0:00:01,4622264,434320.33,air  lost,na,,
18178a,18178a01,551,1,release,7/26/2018,11:57,2017-07-20t11:09:11,0:01:00,4622507.88,434018.72,vegetative blazing star,sod,43.06189614970,98.84327537500
18178a,18178a03,553,3,rest,7/26/2018,11:57,2017-07-20t11:09:13,0:00:01,4622501.26,434061.27,grass,sod,,
18179a,18179a01,554,1,release,7/26/2018,12:13,2017-07-20t11:09:14,0:01:00,4622507.88,434018.72,vegetative blazing star,sod,167.67904490400,112.77100126600
18179a,18179a03,556,3,fly,7/26/2018,12:13,2017-07-20t11:09:16,0:00:01,4622442.98,434173.33,air  lost,sod,,
18180a,18180a01,557,1,release,7/26/2018,13:10,2017-07-20t11:09:17,0:01:00,4622507.88,434018.72,vegetative blazing star,sod,79.46520496420,88.06730741230
18180a,18180a03,559,3,rest,7/26/2018,13:10,2017-07-20t11:09:19,0:00:01,4622510.56,434098.14,grass,sod,,
18181a,18181a01,560,1,release,7/26/2018,13:20,2017-07-20t11:09:20,0:00:03,4622507.88,434018.72,vegetative blazing star,sod,408.94879936200,123.95585816300
18181a,18181a04,563,4,rest,7/26/2018,13:20,2017-07-20t11:09:23,0:00:01,4622279.46,434357.93,grass,sod,,
18190a,18190a01,564,1,release,7/29/2018,10:29,2017-07-20t11:09:24,0:10:44,4667964.81,612187.16,vegetative blazing star,sod,46.06574866430,271.91578225800
18190a,18190a05,568,5,fly,7/29/2018,10:29,2017-07-20t11:09:28,0:00:01,4667966.35,612141.12,air,sod,,
18191a,18191a01,569,1,release,7/29/2018,10:52,2017-07-20t11:09:29,0:14:50,4667964.81,612187.16,vegetative blazing star,sod,5.01937247077,342.61192748400
18191a,18191a02,570,2,fly,7/29/2018,10:52,2017-07-20t11:09:30,0:00:01,4667969.6,612185.66,air,sod,,
18192a,18192a01,571,1,release,7/29/2018,11:16,2017-07-20t11:09:31,0:10:28,4667964.81,612187.16,vegetative blazing star,sod,22.65862308240,248.34884955000
18192a,18192a05,575,5,rest,7/29/2018,11:16,2017-07-20t11:09:35,0:00:01,4667956.45,612166.1,grass,sod,,
18193a,18193a01,576,1,release,7/29/2018,11:39,2017-07-20t11:09:36,0:15:00,4667964.81,612187.16,vegetative blazing star,sod,,
18194a,18194a01,577,1,release,7/29/2018,12:13,2017-07-20t11:09:37,0:15:00,4667964.81,612187.16,vegetative blazing star,sod,,
18195a,18195a01,578,1,release,7/29/2018,12:35,2017-07-20t11:09:38,0:06:33,4667964.81,612187.16,vegetative blazing star,sod,12.75017254800,76.15993686000
18195a,18195a06,583,6,rest,7/29/2018,12:35,2017-07-20t11:09:43,0:00:01,4667967.86,612199.54,grass,sod,,
18196a,18196a01,584,1,release,7/29/2018,13:00,2017-07-20t11:09:44,0:02:00,4667964.81,612187.16,vegetative blazing star,sod,5.14778593218,55.84688398720
18196a,18196a02,585,2,feed,7/29/2018,13:00,2017-07-20t11:09:45,0:00:01,4667967.7,612191.42,resources: blazing star,sod,,
18197a,18197a01,586,1,release,7/29/2018,13:10,2017-07-20t11:09:46,0:10:00,4667964.81,612187.16,vegetative blazing star,sod,,
18198a,18198a01,587,1,release,7/29/2018,13:26,2017-07-20t11:09:47,0:04:53,4667964.81,612187.16,vegetative blazing star,sod,0.76157731073,23.19859050330
18198a,18198a02,588,2,rest,7/29/2018,13:26,2017-07-20t11:09:48,0:00:01,4667965.51,612187.46,grass,sod,,
18199a,18199a01,589,1,release,7/29/2018,13:50,2017-07-20t11:09:49,0:06:55,4667964.81,612187.16,vegetative blazing star,sod,24.83181225680,179.30777698200
18199a,18199a04,592,4,fly,7/29/2018,13:50,2017-07-20t11:09:52,0:00:01,4667939.98,612187.46,air,sod,,
18200a,18200a01,593,1,release,7/29/2018,14:08,2017-07-20t11:09:53,0:00:34,4667964.81,612187.16,vegetative blazing star,sod,214.26203816800,220.90845557800
18200a,18200a02,594,2,fly,7/29/2018,14:08,2017-07-20t11:09:54,0:00:01,4667802.88,612046.85,air,sod,,
18203a,18203a01,595,1,release,7/31/2018,10:54,2017-07-20t11:09:55,0:06:00,4622515.48,433995.11,vegetative blazing star,sod,167.51106381400,104.76462829300
18203a,18203a04,598,4,fly,7/31/2018,10:54,2017-07-20t11:09:58,0:00:01,4622472.79,434157.09,air,sod,,
18204a,18204a01,599,1,release,7/31/2018,11:12,2017-07-20t11:09:59,0:05:00,4622515.48,433995.11,vegetative blazing star,sod,75.68230506470,334.08162351800
18204a,18204a04,602,4,feed,7/31/2018,11:12,2017-07-20t11:10:02,0:00:01,4622583.55,433962.03,resources: blazing star,sod,,
18205a,18205a01,603,1,release,7/31/2018,11:31,2017-07-20t11:10:03,0:00:30,4622515.48,433995.11,vegetative blazing star,sod,3.78621182709,80.11474659720
18205a,18205a04,606,4,rest,7/31/2018,11:31,2017-07-20t11:10:06,0:00:01,4622516.13,433998.84,grass,sod,,
18206a,18206a01,607,1,release,7/31/2018,11:42,2017-07-20t11:10:07,0:12:00,4622515.48,433995.11,vegetative blazing star,sod,148.39881401200,254.90742207900
18206a,18206a04,610,4,fly,7/31/2018,11:42,2017-07-20t11:10:10,0:00:01,4622476.84,433851.83,air  lost sight,soy,,
18207a,18207a01,611,1,release,7/31/2018,12:18,2017-07-20t11:10:11,0:15:00,4622515.48,433995.11,vegetative blazing star,sod,,
18208a,18208a01,612,1,release,7/31/2018,12:39,2017-07-20t11:10:12,0:00:03,4622515.48,433995.11,vegetative blazing star,sod,152.32089285500,189.75172984900
18208a,18208a05,616,5,fly,7/31/2018,12:39,2017-07-20t11:10:16,0:00:01,4622365.36,433969.31,air,sod,,
18209a,18209a01,617,1,release,7/31/2018,13:04,2017-07-20t11:10:17,0:01:00,4622515.48,433995.11,vegetative blazing star,sod,147.52437120800,188.76889891600
18209a,18209a02,618,2,fly,7/31/2018,13:04,2017-07-20t11:10:18,0:00:01,4622369.68,433972.62,air  cross edge,sod,,
18210a,18210a01,619,1,release,7/31/2018,13:14,2017-07-20t11:10:19,0:00:03,4622515.48,433995.11,vegetative blazing star,sod,154.50373361200,269.23605209800
18210a,18210a04,622,4,fly,7/31/2018,13:14,2017-07-20t11:10:22,0:00:01,4622513.42,433840.62,air  lost,sod,,
18211a,18211a01,623,1,release,7/31/2018,13:36,2017-07-20t11:10:23,0:00:03,4622515.48,433995.11,vegetative blazing star,sod,154.41288158800,209.45032771100
18211a,18211a03,625,3,rest,7/31/2018,13:36,2017-07-20t11:10:25,0:00:01,4622381.02,433919.19,vegetation,edge,,
18212a,18212a01,626,1,release,7/31/2018,13:49,2017-07-20t11:10:26,0:01:00,4622515.48,433995.11,vegetative blazing star,sod,109.28116809500,140.03734605200
18212a,18212a04,629,4,rest,7/31/2018,13:49,2017-07-20t11:10:29,0:10:00,4622431.72,434065.3,grass,sod,,
