monarchrunid,monarchlocationid,behaviorclassification,duration,locationn,locatione,surface,landcoverclassification
17100a,17100a01,release,0:01:00,4662528.465,451813.001,vegetative wild bergamot,sod
17100a,17100a02,fly,0:00:03,na,na,air,sod
17100a,17100a03,rest,0:28:57,4662526.12,451812.146,grass,sod
17100b,17100b01,release,0:00:30,4668615.338,613114.042,vegetative wild bergamot,sod
17100b,17100b02,fly,0:00:03,na,na,air,sod
17100b,17100b03,rest,0:00:01,4668622.861,613122.08,grass,sod
17100c,17100c01,release,0:10:00,4668615.338,613114.042,vegetative wild bergamot,sod
17100d,17100d01,release,0:05:00,4668615.338,613114.042,vegetative wild bergamot,sod
17100d,17100d02,fly,0:00:03,na,na,air,sod
17100d,17100d03,rest,0:00:01,4668614.203,613115.47,grass,sod
17101a,17101a01,release,0:02:00,4662528.465,451813.001,vegetative wild bergamot,sod
17101a,17101a02,fly,0:00:03,na,na,air,sod
17101a,17101a03,rest,0:02:00,4662527.222,451812.601,grass,sod
17101a,17101a04,fly,0:00:03,na,na,air,sod
17101a,17101a05,rest,0:01:00,4662525.184,451817.719,grass,sod
17101a,17101a06,fly,0:00:03,na,na,air,sod
17101a,17101a07,rest,0:00:01,4662525.325,451820.957,grass,sod
17101a,17101a08,fly,0:00:03,na,na,air,sod
17101a,17101a09,rest,0:24:47,4662524.903,451823.634,grass,sod
17102a,17102a01,release,0:07:00,4668615.031,613084.843,vegetative wild bergamot,sod
17103a,17103a01,release,0:01:13,4662528.465,451813.001,vegetative wild bergamot,sod
17103a,17103a02,fly,0:00:03,na,na,air,sod
17103a,17103a03,rest,0:01:40,4662524.103,451813.274,grass ,sod
17103a,17103a04,fly,0:00:01,na,na,air,sod
17103a,17103a05,fly,0:00:01,4662516.473,451861.532,air,sod
17103a,17103a06,fly,0:00:01,na,na,air,sod
17103a,17103a07,rest,0:00:01,4662521.681,451884.947,grass,sod
17106a,17106a01,release,0:08:00,4668614.017,613090.376,vegetative wild bergamot,sod
17106a,17106a02,fly,0:00:03,na,na,air,sod
17106a,17106a03,rest,0:05:00,4668609.064,613083.413,grass,sod
17106a,17106a04,fly,0:00:03,4668606.756,613080.628,air,sod
17106a,17106a05,rest,0:19:00,4668591.494,613056.735,grass,sod
17106a,17106a06,fly,0:00:03,na,na,air,sod
17106a,17106a07,rest,0:00:01,4668585.421,613075.793,grass,sod
17106b,17106b01,release,0:04:56,4668614.017,613090.376,vegetative wild bergamot,sod
17106b,17106b02,fly,0:00:03,na,na,air,sod
17106b,17106b03,feed,0:00:01,4668614.567,613095.296,resources: blazing star,sod
17106c,17106c01,release,0:01:56,4668614.017,613090.376,vegetative wild bergamot,sod
17106c,17106c02,fly,0:00:03,na,na,air,sod
17106c,17106c03,feed,0:00:01,4668614.567,613095.296,resources: blazing star,sod
17106d,17106d01,release,0:00:06,4668614.017,613090.376,vegetative wild bergamot,sod
17106d,17106d02,fly,0:00:03,na,na,air,sod
17106d,17106d03,feed,0:00:01,4668614.567,613095.296,resources: blazing star,sod
17106e,1.71E+03,release,0:00:56,4668613.984,613085.439,vegetative wild bergamot,sod
17106e,1.71E+02,fly,0:00:03,na,na,air,sod
17106e,1.71E+01,feed,0:00:01,4668614.567,613095.296,resources: blazing star,sod
17106f,17106f-01,release,0:08:00,4668613.984,613085.439,vegetative wild bergamot,sod
17109a,17109a01,release,0:02:00,4668614.042,613085.421,vegetative wild bergamot,sod
17109a,17109a02,fly,0:00:03,na,na,air,sod
17109a,17109a03,rest,0:08:00,4668579.601,613197.057,grass,sod
17109a,17109a04,fly,0:00:03,4668597.411,613332.071,air - cross edge,edge
17109a,17109a05,lost,23:00:00,na,na,corn,corn
17109a,17109a06,feed,0:00:01,4668492.444,613510.544,blooming common milkweed,roadside
17110a,17110a01,release,0:00:30,4668615.403,613114.112,vegetative wild bergamot,sod
17110a,17110a02,fly,0:00:03,na,na,air,sod
17110a,17110a03,rest,0:00:01,4668579.675,613136.721,grass,sod
17110b,17110b01,release,0:00:01,4668614.905,613104.49,potted blazing star,sod
17110b,17110b02,fly,0:00:10,na,na,air,na
17110b,17110b03,rest,0:00:01,4668484.653,613213.493,corn,corn
17111a,17111a01,release,0:02:00,4668613.736,613063.518,vegetative wild bergamot,sod
17111a,17111a02,fly,0:00:03,na,na,air,sod
17111a,17111a03,rest,0:01:00,4668606.612,613063.852,grass,sod
17111a,17111a04,fly,0:00:03,na,na,air,sod
17111a,17111a05,rest,0:00:01,4668610.47,613065.855,grass,sod
17111b,17111b01,release,0:01:00,4668613.902,613063.411,vegetative wild bergamot,sod
17111b,17111b02,fly,0:00:03,na,na,air,sod
17111b,17111b03,rest,0:01:00,4668692.208,613113.342,grass,sod
17111b,17111b04,fly,0:00:03,na,na,air,sod
17111b,17111b05,rest,0:00:01,4668728.592,613130.012,grass,sod
17111c,17111c01,release,0:10:00,4668614.905,613104.49,vegetative wild bergamot,sod
17113a,17113a01,release,0:00:30,4668615.172,613109.922,vegetative wild bergamot,sod
17113a,17113a02,fly,0:00:03,na,na,air,sod
17113a,17113a03,rest,0:00:01,4668611.23,613134.443,grass,sod
17113b,17113b01,release,0:00:30,4668615.172,613109.922,vegetative wild bergamot,sod
17113b,17113b02,fly,0:00:03,na,na,air,sod
17113b,17113b03,rest,0:00:30,4668617.303,613121.61,grass,sod
17113b,17113b04,fly,0:00:03,na,na,air,sod
17113b,17113b05,rest,0:00:01,4668620.478,613135.718,grass,sod
17113c,17113c01,release,0:01:00,4668614.795,613099.433,vegetative wild bergamot,sod
17113c,17113c02,fly,0:00:03,na,na,air,sod
17113c,17113c03,rest,0:00:01,4668621.9,613134.412,grass,sod
17113d,17113d01,release,0:16:00,4668614.795,613099.433,vegetative wild bergamot,sod
17113d,17113d02,fly,0:00:01,na,na,air,sod
17113d,17113d03,fly,0:00:01,4668608.561,613113.788,air,sod
17113d,17113d04,fly,0:00:01,na,na,air,sod
17113d,17113d05,rest,0:00:01,4668618.147,613119.096,grass,sod
17115a,17115a01,release,0:02:00,4662549.304,451798.98,vegetative wild bergamot,sod
17115a,17115a02,fly,0:00:03,na,na,air,sod
17115a,17115a03,rest,0:00:15,4662544.967,451795.758,grass,sod
17115a,17115a04,fly,0:00:03,na,na,air,sod
17115a,17115a05,rest,0:00:15,4662537.91,451790.465,grass,sod
17115a,17115a06,fly,0:00:03,na,na,air,sod
17115a,17115a07,rest,0:00:01,4662530.849,451789.902,grass,sod
17115b,17115b01,release,0:00:30,4662549.304,451798.98,vegetative wild bergamot,sod
17115b,17115b02,fly,0:01:00,na,na,air,sod
17115b,17115b03,fly,0:00:01,4662385.476,451818.833,air,sod
17115b,17115b04,fly,0:01:00,na,na,air,na
17115b,17115b05,fly,0:00:01,4662118.308,451758.901,air - lost signal,na
17123a,17123a01,release,0:02:00,4662550.86,451776.555,vegetative wild bergamot,sod
17123a,17123a02,fly,0:00:03,na,na,air,sod
17123a,17123a03,rest,0:03:00,4662551.198,451786.268,grass,sod
17123a,17123a04,fly,0:00:03,na,na,air,sod
17123a,17123a05,fly,0:00:01,4662489.449,451823.714,air,sod
17127a,17127a01,release,0:01:30,4662532.08,451810.629,vegetative wild bergamot,sod
17127a,17127a02,fly,0:00:03,na,na,air,sod
17127a,17127a03,fly,0:00:01,4662545.424,451774.089,air,sod
17127b,17127b01,release,0:01:30,4662532.08,451810.629,vegetative wild bergamot,sod
17127b,17127b02,fly,0:00:03,na,na,air,sod
17127b,17127b03,fly,0:00:01,4662536.747,451784.163,air,sod
17127c,17127c01,release,0:01:30,4662532.08,451810.629,vegetative wild bergamot,sod
17127c,17127c02,fly,0:00:03,na,na,air,sod
17127c,17127c03,fly,0:00:01,4662653.874,451806.391,air - cross edge,edge
17134a,17134a01,release,0:01:00,4662542.445,451812.722,vegetative wild bergamot,sod
17134a,17134a02,fly,0:00:03,na,na,air,sod
17134a,17134a03,rest,0:01:00,4662549.786,451813.591,grass,sod
17134a,17134a04,fly,0:00:05,na,na,air,sod
17134a,17134a05,rest,0:01:00,4662562.77,451819.288,grass,sod
17134a,17134a06,fly,0:00:03,na,na,air,sod
17134a,17134a07,rest,0:01:00,4662564.92,451818.448,grass,sod
17134a,17134a08,fly,0:00:03,na,na,air,sod
17134a,17134a09,rest,0:00:30,4662571.065,451817.331,grass,sod
17134a,17134a10,fly,0:02:00,na,na,air,na
17134a,17134a11,rest,0:45:00,4662142.723,451702.45,tree,riparian
17135a,17135a01,release,0:00:10,4662542.445,451812.722,vegetative wild bergamot,sod
17135a,17135a02,fly,0:00:03,na,na,air,sod
17135a,17135a03,rest,0:03:00,4662540.309,451807.45,grass,sod
17135b,17135b01,release,0:00:10,4662542.445,451812.722,vegetative wild bergamot,sod
17135b,17135b02,fly,0:00:03,na,na,air,sod
17135b,17135b03,rest,0:03:00,4662522.264,451813.768,grass,sod
17137a,17137a01,release,0:00:10,4662517.17,451811.049,vegetative wild bergamot,sod
17137a,17137a02,fly,0:00:03,na,na,air,sod
17137a,17137a03,rest,0:03:00,4662516.971,451809.071,grass,sod
17137a,17137a04,fly,0:00:03,na,na,air,sod
17137a,17137a05,rest,0:00:01,4662506.581,451800.756,grass,sod
17137b,17137b01,release,0:00:10,4662517.17,451811.049,vegetative wild bergamot,sod
17137b,17137b02,fly,0:00:03,na,na,air,sod
17137b,17137b03,rest,0:00:01,4662513.175,451808.918,grass,sod
17137c,17137c01,release,0:00:10,4662517.17,451811.049,vegetative wild bergamot,sod
17137c,17137c02,fly,0:00:03,na,na,air,sod
17137c,17137c03,rest,0:01:00,4662516.09,451809.322,grass,sod
17139a,17139a01,release,0:01:00,4662517.264,451811.042,vegetative wild bergamot,sod
17139a,17139a02,fly,0:00:03,na,na,air,sod
17139a,17139a03,rest,0:01:00,4662517.713,451811.416,grass,sod
17139a,17139a04,fly,0:00:03,na,na,air,sod
17139a,17139a05,rest,0:01:00,4662518.499,451815.095,grass,sod
17139a,17139a06,fly,0:00:03,na,na,air,sod
17139a,17139a07,rest,0:00:01,4662515.791,451821.131,bare ground,sod
17139b,17139b01,release,0:01:00,4662517.264,451811.042,vegetative wild bergamot,sod
17139b,17139b02,fly,0:00:03,na,na,air,sod
17139b,17139b03,rest,0:00:01,4662509.296,451799.294,grass,sod
17142a,17142a01,release,0:00:30,4662561.733,451812.786,vegetative wild bergamot,sod
17142a,17142a02,fly,0:00:03,na,na,air,sod
17142a,17142a03,rest,0:00:01,4662587.927,451847.397,grass,sod
17144a,17144a01,release,0:01:00,4662561.959,451812.801,vegetative wild bergamot,sod
17144a,17144a02,fly,0:00:03,na,na,air,sod
17144a,17144a03,rest,0:04:00,4662561.206,451813.585,grass,sod
17144a,17144a04,fly,0:00:03,na,na,air,sod
17144a,17144a05,rest,0:00:01,4662557.228,451813.902,grass,sod
17144b,17144b01,release,0:01:00,4662561.959,451812.801,vegetative wild bergamot,sod
17144b,17144b02,fly,0:00:30,na,na,air,sod
17144b,17144b03,rest,0:00:01,4662559.139,451811.77,grass,sod
17145a,17145a01,release,0:16:00,4662561.733,451812.786,vegetative wild bergamot,sod
17146a,17146a01,release,0:00:10,4662542.445,451812.722,vegetative wild bergamot,sod
17146a,17146a02,fly,0:00:05,na,na,air,sod
17146a,17146a03,rest,0:00:01,4662505.643,451782.511,grass,sod
17146b,17146b01,release,0:00:10,4662542.445,451812.722,vegetative wild bergamot,sod
17146b,17146b02,fly,0:00:05,na,na,air,sod
17146b,17146b03,grass,0:00:01,4662537.111,451833.736,grass,sod
17149a,17149a01,release,0:00:10,4662517.17,451811.049,vegetative wild bergamot,sod
17149a,17149a02,fly,0:00:03,na,na,air,sod
17149a,17149a03,rest,0:01:30,4662503.854,451807.348,grass,sod
17149a,17149a04,fly,0:00:03,na,na,air,sod
17149a,17149a05,fly,0:00:01,4662565.179,451737.654,air,sod
17150a,17150a01,release,0:00:10,4662542.397,451812.771,vegetative wild bergamot,sod
17150a,17150a02,fly,0:00:03,na,na,air,sod
17150a,17150a03,rest,0:00:10,4662544.671,451811.284,grass,sod
17150a,17150a04,fly,0:00:03,na,na,air,sod
17150a,17150a05,rest,0:00:10,4662540.664,451811.602,grass,sod
17150a,17150a06,fly,0:00:03,na,na,air,sod
17150a,17150a07,rest,0:00:10,4662538.22,451806.644,grass,sod
17150a,17150a08,fly,0:00:03,na,na,air,sod
17150a,17150a09,rest,0:00:01,4662546.428,451792.561,grass,sod
17151a,17151a01,release,0:00:10,4668649.344,613158.219,vegetative wild bergamot,sod
17151a,17151a02,fly,0:00:03,na,na,air,sod
17151a,17151a03,rest,0:01:30,4668640.316,613144.909,grass,sod
17153a,17153a01,release,0:01:00,4668649.344,613158.219,vegetative wild bergamot,sod
17153a,17153a02,fly,0:01:00,na,na,air,na
17153a,17153a03,rest,0:00:01,4668489.543,612962.723,corn,corn
17153a,17153a04,fly,0:00:30,na,na,air,na
17153a,17153a05,fly,0:00:01,4668497.674,612973.908,air,roadside
17154a,17154a01,release,0:00:45,4668620.538,613123.015,vegetative wild bergamot,sod
17154a,17154a02,fly,0:07:00,na,na,air,na
17154a,17154a03,fly,0:00:01,4668486.471,612492.597,air - lost,corn
17159a,17159a01,release,0:01:00,4668649.344,613158.219,vegetative wild bergamot,sod
17159a,17159a02,fly,0:00:03,na,na,air,sod
17159a,17159a03,rest,0:01:00,4668650.477,613154.769,grass,sod
17159a,17159a04,fly,0:00:03,na,na,air,sod
17159a,17159a05,rest,0:01:00,4668646.74,613152.891,grass,sod
17159a,17159a06,fly,0:00:03,na,na,air,sod
17159a,17159a07,rest,0:00:10,4668649.707,613146.851,grass,sod
17159a,17159a08,fly,0:00:15,na,na,air,sod
17159a,17159a09,fly,0:00:01,4668651.498,613137.914,grass,sod
17159a,17159a10,fly,0:00:15,na,na,air,sod
17159a,17159a11,fly,0:00:01,4668655.911,613128.786,grass,sod
17159a,17159a12,fly,0:00:15,na,na,air,sod
17159a,17159a13,rest,0:03:00,4668657.259,613126.163,grass,sod
17159b,17159b01,release,0:01:00,4668649.344,613158.219,vegetative wild bergamot,sod
17159b,17159b02,fly,0:01:00,na,na,air,sod
17159b,17159b03,rest,0:00:01,4668643.069,613149.253,grass,sod
17160a,17160a01,release,0:10:00,4668649.344,613158.219,vegetative wild bergamot,sod
17161a,17161a01,release,0:12:00,4668649.344,613158.219,vegetative wild bergamot,sod
17164a,17164a01,release,0:06:00,4668636.534,613142.648,vegetative wild bergamot,sod
17164a,17164a02,fly,0:00:03,na,na,air,sod
17164a,17164a03,rest,0:04:00,4668619.866,613125.792,grass,sod
17166a,17166a01,release,0:01:30,4668649.344,613158.219,vegetative wild bergamot,sod
17166a,17166a02,fly,0:00:03,na,na,air,sod
17166a,17166a03,fly,0:00:01,4668647.987,613156.22,air,sod
17171a,17171a01,release,0:01:17,4668650.733,613168.523,vegetative wild bergamot,sod
17171a,17171a02,fly,0:02:00,na,na,air,sod
17171a,17171a03,fly,0:00:01,4668775.936,613253.048,air,sod
17172a,17172a01,release,0:08:00,4668650.733,613168.523,vegetative wild bergamot,sod
17172a,17172a02,fly,0:01:00,na,na,air,sod
17172a,17172a03,fly,0:00:01,4668896.066,613137.289,air - cross edge,edge
17172a,17172a04,fly,0:01:30,na,na,air,na
17172a,17172a05,rest,0:15:00,"4,669,311.73","612,966.32",grass,roadside
17172a,17172a06,fly,0:01:30,na,na,air,na
17172a,17172a07,fly,0:00:01,"4,670,111.65","612,934.10",air - lost signal,soy
17172a,17172a08,fly,0:21:00,na,na,air,corn
17176a,17176a01,release,0:03:30,4668649.344,613158.219,vegetative wild bergamot,sod
17176a,17176a02,fly,0:00:03,na,na,air,sod
17176a,17176a03,fly,0:00:01,4668676.405,613136.937,air,sod
17177a,17177a01,release,0:12:00,4668650.733,613168.523,vegetative wild bergamot,sod
17179a,17179a01,release,0:00:45,4668650.733,613168.523,vegetative wild bergamot,sod
17179a,17179a02,fly,0:00:03,na,na,air,sod
17179a,17179a03,rest,0:00:45,4668654.258,613169.138,grass,sod
17179a,17179a04,fly,0:00:03,na,na,air,sod
17179a,17179a05,rest,0:00:45,4668656.108,613171.842,grass,sod
17179a,17179a06,fly,0:00:03,na,na,air,sod
17179a,17179a07,rest,0:00:45,4668663.08,613169.254,grass,sod
17179a,17179a08,fly,0:00:03,na,na,air,sod
17179a,17179a09,rest,0:00:45,4668665.248,613161.292,grass,sod
17179a,17179a10,fly,0:00:03,na,na,air,sod
17179a,17179a11,rest,0:00:45,4668664.468,613151.169,grass,sod
17179a,17179a12,fly,0:00:03,na,na,air,sod
17179a,17179a13,rest,0:00:45,4668661.886,613143.142,grass,sod
17179a,17179a14,fly,0:00:03,na,na,air,sod
17179a,17179a15,rest,0:00:45,4668660.4,613135.082,grass,sod
17179a,17179a16,fly,0:00:03,na,na,air,sod
17179a,17179a17,rest,0:00:45,4668662.553,613123.691,grass,sod
17179a,17179a18,fly,0:00:03,na,na,air,sod
17179a,17179a19,rest,0:00:45,4668663.232,613116.953,grass,sod
17179a,17179a20,fly,0:00:03,na,na,air,sod
17179a,17179a21,rest,0:00:45,4668662.483,613110.824,grass,sod
17179a,17179a22,fly,0:00:03,na,na,air,sod
17179a,17179a23,rest,0:00:45,4668662.611,613104.234,grass,sod
17179a,17179a24,fly,0:00:03,na,na,air,sod
17179a,17179a25,rest,0:00:45,4668669.503,613085.678,grass,sod
17179b,17179b01,release,0:09:00,4668650.733,613168.523,vegetative wild bergamot,sod
17179b,17179b02,fly,0:00:03,na,na,air,sod
17179b,17179b03,rest,0:00:30,4668652.221,613168.701,grass,sod
17179b,17179b04,fly,0:00:03,na,na,air,sod
17179b,17179b05,rest,0:00:30,4668650.924,613166.457,grass,sod
17179b,17179b06,fly,0:00:03,na,na,air,sod
17179b,17179b07,rest,0:00:30,4668648.595,613165.873,grass,sod
17179b,17179b08,fly,0:00:03,na,na,air,sod
17179b,17179b09,rest,0:00:01,4668641.566,613149.293,grass,sod
17181a,17181a01,release,0:01:00,4668650.733,613168.523,vegetative wild bergamot,sod
17181a,17181a02,fly,0:00:03,na,na,air,sod
17181a,17181a03,rest,0:00:30,4668652.74,613169.694,grass,sod
17181a,17181a04,fly,0:00:03,na,na,air,sod
17181a,17181a05,fly,0:00:01,4668641.671,613191.628,air,sod
17182a,17182a01,release,0:12:00,4668650.733,613168.523,vegetative wild bergamot,sod
17184a,17184a01,release,0:02:00,4649087.151,445305.213,vegetative wild bergamot,pasture
17184a,17184a02,fly,0:00:30,na,na,air,na
17184a,17184a03,rest,0:10:00,4649152.195,445447.941,tree,roadside
17186a,17186a01,release,0:00:15,4649065.09,445323.624,vegetative wild bergamot,pasture
17186a,17186a02,fly,0:00:03,na,na,air,pasture
17186a,17186a03,feed,0:00:01,4649067.416,445288.544,red clover,pasture
17186b,17186b01,release,0:00:22,4649065.09,445323.624,vegetative wild bergamot,pasture
17186b,17186b02,fly,0:00:03,na,na,air,pasture
17186b,17186b03,rest,0:00:01,4649054.603,445284.149,grass,pasture
17186b,17186b04,fly,0:00:03,na,na,air,pasture
17186b,17186b05,feed,0:00:01,4649037.001,445277.619,red clover,pasture
17186c,17186c01,release,0:00:29,4649065.09,445323.624,vegetative wild bergamot,pasture
17186c,17186c02,fly,0:04:30,na,na,air,pasture
17186c,17186c03,lost,0:00:01,4648975.306,445286.503,air - last visual,pasture
17196a,17196a01,release,0:10:00,4649065.09,445323.624,vegetative wild bergamot,pasture
17202a,17202a01,release,0:00:06,4649065.09,445323.624,vegetative wild bergamot,pasture
17202a,17202a02,fly,0:00:03,na,na,air,pasture
17202a,17202a03,feed,0:00:01,4649068.602,445323.556,resource: blazing star,pasture
17202b,17202b01,release,0:00:39,4649065.09,445323.624,vegetative wild bergamot,pasture
17202b,17202b02,fly,0:00:05,na,na,air,pasture
17202b,17202b03,rest,0:00:01,4649073.954,445347.894,vegetative thistle,pasture
17202c,17202c01,release,0:00:06,4649065.09,445323.624,vegetative wild bergamot,pasture
17202c,17202c02,fly,0:00:03,na,na,air,pasture
17202c,17202c03,feed,0:00:01,4649068.834,445322.734,resource: blazing star,pasture
17202d,17202d01,release,0:00:02,4649065.09,445323.624,vegetative wild bergamot,pasture
17202d,17202d02,fly,0:00:03,na,na,air,pasture
17202d,17202d03,rest,0:00:01,4649068.458,445322.533,vegetative thistle,pasture
17202e,1.72E+03,release,0:00:11,4649048.835,445323.703,vegetative wild bergamot,pasture
17202e,1.72E+02,fly,0:00:03,na,na,air,pasture
17202e,1.72E+01,rest,0:00:01,4649054.125,445336.935,vegetative stage common milkweed,pasture
17202f,17202f-01,release,0:00:11,4649048.835,445323.703,vegetative wild bergamot,pasture
17202f,17202f-02,fly,0:00:03,na,na,air,pasture
17202f,17202f-03,feed,0:00:01,4649036.524,445340.54,red clover,pasture
17204a,17204a01,release,0:00:50,4649065.09,445323.624,vegetative wild bergamot,pasture
17204a,17204a02,fly,0:00:03,na,na,air,pasture
17204a,17204a03,rest,0:00:01,"4,649,063.53","445,323.89",grass,pasture
17204b,17204b01,release,0:00:30,4649065.09,445323.624,vegetative wild bergamot,pasture
17204b,17204b02,fly,0:00:30,na,na,air,pasture
17204b,17204b03,fly,0:00:01,4648902.54,445316.436,air - cross edge,pasture
17204b,17204b04,fly,0:00:30,na,na,air,pasture
17204b,17204b05,fly,0:00:01,4648687.077,445296.226,air - last visual,pasture
17205a,17205a01,release,0:05:00,4668591.425,613089.56,vegetative wild bergamot,sod
17212a,17212a01,release,0:00:08,4668591.425,613089.56,vegetative wild bergamot,sod
17212a,17212a02,fly,0:00:03,na,na,air,sod
17212a,17212a03,rest,0:00:01,4668606.321,613105.918,grass,sod
17213a,17213a01,release,0:09:45,4668620.348,613143.937,vegetative wild bergamot,sod
17213a,17213a02,fly,0:02:00,na,na,air,sod
17213a,17213a03,fly,0:00:01,4668875.906,613334.61,air - cross edge,edge
17213a,17213a04,fly,0:00:03,na,na,air,corn
17213a,17213a05,rest,0:11:00,4668889.766,613346.529,corn,corn
17214a,17214a01,release,0:00:20,4668591.425,613089.56,vegetative wild bergamot,sod
17214a,17214a02,fly,0:00:03,na,na,air,sod
17214a,17214a03,rest,0:03:00,4668593.387,613089.629,grass,sod
17214a,17214a04,fly,0:01:00,na,na,air,sod
17214a,17214a05,rest,0:00:01,4668897.779,613127.984,weedy edge,edge
17215a,17215a01,release,0:02:10,4668591.425,613089.56,vegetative wild bergamot,sod
17215a,17215a02,fly,0:00:25,na,na,air,sod
17215a,17215a03,fly,0:00:01,4668685.45,613118.645,air,sod
17216a,17216a01,release,0:10:00,4668591.425,613089.56,vegetative wild bergamot,sod
17217a,17217a01,release,0:09:22,4668591.425,613089.56,vegetative wild bergamot,sod
17217a,17217a02,fly,0:00:30,na,na,air,sod
17217a,17217a03,fly,0:00:01,4668683.122,613163.861,air,sod
17218a,17218a01,release,0:00:17,4668591.425,613089.56,vegetative wild bergamot,sod
17218a,17218a02,fly,0:00:03,na,na,air,sod
17218a,17218a03,fly,0:00:01,4668606.657,613121.213,air,sod
17219a,17219a01,release,0:10:00,4668591.425,613089.56,vegetative wild bergamot,sod
17230a,17230a01,release,0:00:45,4668591.425,613089.56,vegetative wild bergamot,sod
17230a,17230a02,fly,0:00:03,na,na,air,sod
17230a,17230a03,rest,0:00:45,4668611.118,613094.116,grass,sod
17230a,17230a04,fly,0:00:03,na,na,air,sod
17230a,17230a05,fly,0:00:01,4668897.901,613184.445,air - cross edge,edge
17234a,17234a01,release,0:12:00,4668702.366,613141.14,vegetative wild bergamot,sod
17235a,17235a01,release,0:00:30,4668702.366,613141.14,vegetative wild bergamot,sod
17235a,17235a02,fly,0:00:03,na,na,air,sod
17235a,17235a03,rest,0:01:00,4668701.279,613142.593,grass,sod
17235a,17235a04,fly,0:00:03,na,na,air,sod
17235a,17235a05,rest,0:00:30,4668699.99,613143.834,grass,sod
17235a,17235a06,fly,0:00:03,na,na,air,sod
17235a,17235a07,rest,0:00:30,4668698.759,613146.127,grass,sod
17235a,17235a08,fly,0:00:03,na,na,air,sod
17235a,17235a09,rest,0:00:40,4668695.658,613146.577,grass,sod
17235a,17235a10,fly,0:00:03,na,na,air,sod
17235a,17235a11,rest,0:00:30,4668693.507,613148.849,grass,sod
17235a,17235a12,fly,0:00:03,na,na,air,sod
17235a,17235a13,rest,0:00:45,4668690.74,613150.82,grass,sod
17235a,17235a14,fly,0:00:03,na,na,air,sod
17235a,17235a15,rest,0:00:45,4668685.436,613152.365,grass,sod
17235a,17235a16,fly,0:00:03,na,na,air,sod
17235a,17235a17,rest,0:00:30,4668679.269,613154.215,grass,sod
17237a,17237a01,release,0:00:20,4668702.366,613141.14,vegetative wild bergamot,sod
17237a,17237a02,fly,0:00:03,na,na,air,sod
17237a,17237a03,rest,0:10:00,4668700.85,613141.48,grass,sod
17244a,17244a01,release,0:00:03,4668690.674,613158.255,vegetative wild bergamot,sod
17244a,17244a02,fly,0:00:03,na,na,air,sod
17244a,17244a03,rest,0:02:30,4668696.02,613154.348,grass,sod
17246a,17246a01,release,0:06:00,4668702.366,613141.14,vegetative wild bergamot,sod
17246a,17246a02,fly,0:00:03,na,na,air,sod
17246a,17246a03,rest,0:00:01,4668683.051,613139.93,grass,sod
17247a,17247a01,release,0:00:10,4668702.366,613141.14,vegetative wild bergamot,sod
17247a,17247a02,fly,0:00:25,na,na,air,sod
17247a,17247a03,fly,0:00:01,4668605.411,613136.55,air,sod
17248a,17248a01,release,0:10:00,4668690.674,613158.255,vegetative wild bergamot,sod
17251a,17251a01,release,0:01:00,4668702.366,613141.14,vegetative wild bergamot,sod
17251a,17251a02,fly,0:00:03,na,na,air,sod
17251a,17251a03,rest,0:00:01,4668691.441,613140.64,grass,sod
17253a,17253a01,release,0:00:10,4668690.674,613158.255,vegetative wild bergamot,sod
17253a,17253a02,fly,0:01:35,na,na,air,sod
17253a,17253a03,fly,0:00:01,4668892.729,613064.097,air - cross edge,edge
17254a,17254a01,release,0:00:15,4668690.674,613158.255,vegetative wild bergamot,sod
17254a,17254a02,fly,0:00:13,na,na,air,sod
17254a,17254a03,rest,0:00:01,4668703.801,613143.91,grass,sod
17261a,17261a01,release,0:00:10,4668690.674,613158.255,vegetative wild bergamot,sod
17261a,17261a02,fly,0:00:03,na,na,air,sod
17261a,17261a03,rest,0:00:10,4668690.65,613156.017,grass,sod
17261a,17261a04,fly,0:00:03,na,na,air,sod
17261a,17261a05,rest,0:00:10,4668691.71,613154.515,grass,sod
17261a,17261a06,fly,0:00:03,na,na,air,sod
17261a,17261a07,rest,0:02:15,4668693.732,613146.785,grass,sod
17261a,17261a08,fly,0:00:03,na,na,air,sod
17261a,17261a09,rest,0:01:00,4668697.271,613147.272,grass,sod
17261a,17261a10,fly,0:00:03,na,na,air,sod
17261a,17261a11,rest,0:00:01,4668707.421,613143.737,grass,sod
17262a,17262a01,release,0:00:13,4668690.674,613158.255,vegetative wild bergamot,sod
17262a,17262a02,fly,0:00:03,na,na,air,sod
17262a,17262a03,rest,0:10:00,4668689.996,613157.274,grass,sod
17283a,17283a01,release,0:00:10,4668668.56,613167.033,vegetative wild bergamot,sod
17283a,17283a02,fly,0:02:00,na,na,air,na
17283a,17283a03,fly,0:00:01,4668892.367,612601.224,air - cross edge,edge
17284a,17284a01,release,0:01:20,4668668.56,613167.033,vegetative wild bergamot,sod
17284a,17284a02,fly,0:00:03,na,na,air,sod
17284a,17284a03,rest,0:08:30,4668667.494,613166.666,grass,sod
17285a,17291a01,release,0:10:00,4668668.56,613167.033,vegetative wild bergamot,sod
17291a,17291a01,release,0:00:35,4668668.56,613167.033,vegetative wild bergamot,sod
17291a,17291a02,fly,0:00:08,na,na,air,sod
17291a,17291a03,rest,0:00:01,4668671.39,613149.825,grass,sod
18037a,18037a01,release,0:36:00,4622511.176,434075.683,vegetative blazing star,sod
18040a,18040a01,release,0:10:00,4622511.176,434075.683,vegetative blazing star,sod
18040a,18040a02,fly,0:00:03,na,na,air,sod
18040a,18040a03,rest,0:01:00,4622505.596,434075.619,grass,sod
18040a,18040a04,fly,0:00:03,na,na,air,sod
18040a,18040a05,rest,0:01:00,4622509.614,434071.646,grass,sod
18040a,18040a06,fly,0:00:03,na,na,air,sod
18040a,18040a07,rest,0:10:00,4622512.925,434067.474,grass,sod
18075a,18075a01,release,0:07:39,4667950.839,612175.275,vegetative blazing star,sod
18075a,18075a02,fly,0:00:03,na,na,air,sod
18075a,18075a03,rest,0:01:00,4667979.012,612201.5,grass,sod
18075a,18075a04,fly,0:00:01,na,na,air,sod
18075a,18075a05,fly,0:00:01,4668012.666,612245.915,air,sod
18078a,18078a01,release,0:01:00,4622511.176,434075.683,vegetative blazing star,sod
18078a,18078a02,fly,0:00:03,na,na,air,sod
18078a,18078a03,rest,0:01:00,4622512.936,434074.172,grass ,sod
18078a,18078a04,fly,0:00:03,na,na,air,sod
18078a,18078a05,rest,0:01:00,4622518.43,434072.005,grass ,sod
18078a,18078a06,fly,0:00:03,na,na,air,sod
18078a,18078a07,rest,0:01:00,4622526.747,434063.715,grass berm,edge
18081a,18081a01,release,0:03:00,4622511.176,434075.683,vegetative blazing star,sod
18081a,18081a02,fly,0:00:03,na,na,air,sod
18081a,18081a03,rest,0:00:40,4622511.839,434075.168,grass ,sod
18081a,18081a04,fly,0:00:01,na,na,air,sod
18081a,18081a05,rest,0:00:40,4622511.94,434072.633,grass ,sod
18081a,18081a06,fly,0:00:01,na,na,air,sod
18081a,18081a07,rest,0:00:40,4622513.233,434070.049,grass ,sod
18081a,18081a08,fly,0:00:01,na,na,air,sod
18081a,18081a09,rest,0:00:40,4622510.336,434069.339,grass ,sod
18081a,18081a10,fly,0:00:01,na,na,air,sod
18081a,18081a11,rest,0:00:40,4622509.72,434067.033,grass ,sod
18081a,18081a12,fly,0:00:01,na,na,air,sod
18081a,18081a13,rest,0:00:40,4622507.941,434064.452,grass ,sod
18081a,18081a14,fly,0:00:01,na,na,air,sod
18081a,18081a15,rest,0:01:00,4622502.845,434056.946,grass ,sod
18081a,18081a16,fly,0:00:01,na,na,air,sod
18081a,18081a17,rest,0:02:00,4622504.715,434058.951,grass berm,edge
18081a,18081a18,fly,0:00:01,na,na,grass berm,edge
18081a,18081a19,rest,0:08:00,4622493.63,434052.72,grass berm,edge
18082a,18082a01,release,0:00:10,4622484.497,434078.987,vegetative blazing star,sod
18082a,18082a02,fly,0:00:01,na,na,air,sod
18082a,18082a03,rest,0:03:00,4622487.123,434074.816,grass,sod
18082a,18082a04,fly,0:00:03,na,na,air,sod
18082a,18082a05,rest,0:01:00,4622492.373,434064.356,grass,sod
18082a,18082a06,fly,0:00:03,na,na,air,edge
18082a,18082a07,rest,0:01:30,4622507.51,434059.129,grass berm,edge
18082a,18082a08,fly,0:00:01,na,na,air,edge
18082a,18082a09,rest,0:01:30,4622508.106,434056.636,grass berm,edge
18082a,18082a10,fly,0:00:03,na,na,air,sod
18082a,18082a11,rest,0:01:00,4622515.558,434051.436,grass,sod
18082a,18082a12,fly,0:00:03,na,na,air,sod
18082a,18082a13,fly,0:00:01,4622521.595,434036.204,air,sod
18084a,18084a01,rest,0:00:03,4622484.497,434078.987,vegetative blazing star,sod
18084a,18084a02,fly,0:00:01,na,na,air,sod
18084a,18084a03,rest,0:10:00,4622485.65,434074.841,grass,sod
18084a,18084a04,fly,0:00:03,na,na,air,na
18084a,18084a05,fly,0:00:01,4622522.755,434035.964,air,sod
18085a,18085a01,release,0:00:03,4622484.497,434078.987,vegetative blazing star,sod
18085a,18085a02,fly,0:00:01,na,na,air,sod
18085a,18085a03,rest,0:10:00,4622488.174,434077.859,grass,sod
18085a,18085a04,fly,0:00:03,na,na,air,na
18085a,18085a05,rest,0:09:00,4622492.302,434062.005,grass berm,edge
18085a,18085a06,fly,0:00:03,na,na,air,na
18085a,18085a07,rest,0:00:01,4622506.891,434053.108,grass,sod
18086a,18086a01,release,0:03:00,4667950.839,612175.275,vegetative blazing star,sod
18086a,18086a02,fly,0:00:01,na,na,air,sod
18086a,18086a03,rest,0:00:15,4667949.255,612173.404,grass,sod
18086a,18086a04,fly,0:00:01,na,na,air,sod
18086a,18086a05,rest,0:00:15,4667948.092,612172.438,grass,sod
18086a,18086a06,fly,0:00:01,na,na,air,sod
18086a,18086a07,rest,0:01:30,4667950.783,612175.514,grass,sod
18086a,18086a08,fly,0:00:01,na,na,air,sod
18086a,18086a09,rest,0:08:00,4667947.475,612177.906,grass,sod
18086a,18086a10,fly,0:00:03,na,na,air,sod
18086a,18086a11,rest,0:03:30,4667951.701,612183.909,grass,sod
18086a,18086a12,fly,0:00:01,na,na,air,sod
18086a,18086a13,rest,0:02:00,4667951.176,612180.861,grass,sod
18086a,18086a14,fly,0:00:03,na,na,air,sod
18086a,18086a15,rest,0:01:00,4667951.145,612175.451,grass,sod
18086a,18086a16,fly,0:00:03,na,na,air,sod
18086a,18086a17,rest,0:00:01,4668010.425,612200.809,grass,sod
18087a,18087a01,release,0:15:00,4667950.839,612175.275,vegetative blazing star,sod
18087b,18087b01,release,0:08:54,4622514.661,434082.993,vegetative blazing star,sod
18087b,18087b02,fly,0:00:30,na,na,air,sod
18087b,18087b03,fly,0:00:01,4622508.773,434082.333,air,sod
18087b,18087b04,fly,0:00:30,na,na,air,sod
18087b,18087b05,fly,0:00:30,4622512.59,434074.989,grass,sod
18087b,18087b06,fly,0:00:07,na,na,air,sod
18087b,18087b07,fly,0:00:01,4622505.839,434075.342,air,sod
18087b,18087b08,fly,0:00:07,na,na,air,sod
18087b,18087b09,fly,0:00:01,4622496.924,434079.076,air,sod
18087b,18087b10,fly,0:00:07,na,na,air,sod
18087b,18087b11,fly,0:00:01,4622492.725,434077.194,air,sod
18087b,18087b12,fly,0:00:07,na,na,air,sod
18087b,18087b13,fly,0:00:01,4622493.224,434081.98,air,sod
18087b,18087b14,fly,0:00:07,na,na,air,sod
18087b,18087b15,rest,0:00:01,4622496.739,434074.935,grass,sod
18087b,18087b16,fly,0:00:07,na,na,air,sod
18087b,18087b17,fly,0:00:01,4622495.223,434073.768,air,sod
18087b,18087b18,fly,0:00:07,na,na,air,sod
18087b,18087b19,fly,0:00:01,4622498.352,434070.451,grass,sod
18087b,18087b20,fly,0:00:07,na,na,air,na
18087b,18087b21,rest,0:00:01,4622497.961,434066.167,grass,sod
18090a,18090a01,release,0:15:00,4667951.14,612175.438,vegetative blazing star,sod
18093a,18090a01,release,0:25:00,4667951.14,612175.438,vegetative blazing star,sod
18090b,18090b01,release,0:15:00,4622514.661,434082.993,vegetative blazing star,sod
18091a,18091a01,release,0:08:00,4667951.14,612175.438,vegetative blazing star,sod
18091a,18091a02,fly,0:00:01,na,na,air,sod
18091a,18091a03,rest,0:09:00,4667953.668,612173.651,grass,sod
18091a,18091a04,fly,0:00:01,na,na,air,sod
18091a,18091a05,rest,0:00:20,4667957.051,612167.926,grass,sod
18091a,18091a06,fly,0:00:01,na,na,air,sod
18091a,18091a07,rest,0:00:20,4667967.075,612162.241,grass,sod
18091a,18091a08,fly,0:00:01,na,na,air,sod
18091a,18091a09,rest,0:00:20,4667980.458,612156.185,grass,sod
18091a,18091a10,fly,0:00:01,na,na,air,sod
18091a,18091a11,rest,0:00:20,4667985.817,612150.728,grass,sod
18091a,18091a12,fly,0:00:03,na,na,air,sod
18091a,18091a13,rest,0:00:01,4668023.773,612133.57,grass,sod
18091b,18091b01,release,0:15:00,4622514.661,434082.993,vegetative blazing star,sod
18093b,18093b01,release,0:15:00,4622514.661,434082.993,vegetative blazing star,sod
18094a,18094a01,release,0:00:10,4622514.661,434082.993,vegetative blazing star,sod
18094a,18094a02,fly,0:01:30,na,na,air,na
18094a,18094a03,fly,0:00:01,4622538.407,434067.798,air,edge
18094a,18094a04,fly,0:01:30,na,na,air,na
18094a,18094a05,fly,0:00:01,4622562.152,434136.988,air,sod
18094a,18094a06,fly,0:01:30,na,na,air,na
18094a,18094a07,fly,0:00:01,4622611.855,434184.549,air,sod
18094a,18094a08,fly,0:01:30,na,na,air,na
18094a,18094a09,fly,0:00:01,4622646.406,434208.971,air - lost,na
18095a,18095a01,release,0:15:00,4622514.661,434082.993,vegetative blazing star,sod
18095a,18095a02,fly,0:00:30,na,na,air,sod
18095a,18095a03,fly,0:00:01,4622518.78,434088.038,air,sod
18095a,18095a04,fly,0:00:30,na,na,air,sod
18095a,18095a05,rest,0:00:01,4622520.628,434102.276,grass berm,edge
18096a,18096a01,release,0:02:00,4622514.661,434082.993,vegetative blazing star,sod
18096a,18096a02,fly,0:00:30,na,na,air,sod
18096a,18096a03,fly,0:00:01,4622507.617,434089.627,air,sod
18096a,18096a04,fly,0:00:30,na,na,air,sod
18096a,18096a05,fly,0:00:01,4622500.636,434076.979,air,sod
18096a,18096a06,fly,0:00:30,na,na,air,sod
18096a,18096a07,rest,0:00:01,4622492.876,434059.753,grass berm,edge
18096a,18096a08,fly,0:00:30,na,na,air,sod
18096a,18096a09,fly,0:00:01,4622478.375,434038.14,air,sod
18096a,18096a10,fly,0:00:30,na,na,air,sod
18096a,18096a11,fly,0:00:01,4622440.984,434048.231,air,sod
18096a,18096a12,fly,0:00:30,na,na,air,sod
18096a,18096a13,fly,0:00:01,4622413.809,434038.811,air,sod
18096a,18096a14,fly,0:00:30,na,na,air,sod
18096a,18096a15,fly,0:00:01,4622402.998,434009.479,air,sod
18096a,18096a16,fly,0:00:30,na,na,air,sod
18096a,18096a17,fly,0:00:01,4622364.781,433945.18,tree,edge
18097a,18097a01,release,0:13:00,4622514.661,434082.993,vegetative blazing star,sod
18097a,18097a02,fly,0:00:30,na,na,air,sod
18097a,18097a03,fly,0:00:01,4622537.201,434084.835,air,sod
18097a,18097a04,fly,0:00:30,na,na,air,sod
18097a,18097a05,fly,0:00:01,4622540.434,434072.223,air,edge
18097a,18097a06,fly,0:00:30,na,na,air,edge
18097a,18097a07,fly,0:00:01,4622556.917,434069.653,air,edge
18097a,18097a08,fly,0:00:30,na,na,air,edge
18097a,18097a09,fly,0:00:01,4622577.449,434076.215,air,edge
18098a,18098a01,release,0:01:00,4622514.661,434082.993,vegetative blazing star,sod
18098a,18098a02,fly,0:00:01,na,na,air,sod
18098a,18098a03,rest,0:01:00,4622513.213,434086.53,grass,sod
18098a,18098a04,fly,0:00:01,na,na,air,sod
18098a,18098a05,rest,0:00:20,4622511.401,434086.393,grass,sod
18098a,18098a06,fly,0:00:01,na,na,air,sod
18098a,18098a07,rest,0:00:20,4622508.198,434086.261,grass,sod
18098a,18098a08,fly,0:00:30,na,na,air,sod
18098a,18098a09,rest,0:00:30,4622507.783,434088.108,grass,sod
18098a,18098a10,fly,0:00:01,na,na,air,sod
18098a,18098a11,rest,0:00:30,4622548.598,434098.346,grass berm,edge
18098a,18098a12,fly,0:00:01,na,na,air,edge
18098a,18098a13,rest,0:00:30,4622547.172,434101.737,grass berm,edge
18098a,18098a14,fly,0:00:10,na,na,air,edge
18098a,18098a15,rest,0:00:30,4622546.8,434104.847,grass berm,edge
18098a,18098a16,fly,0:00:10,na,na,air,edge
18098a,18098a17,rest,0:00:30,4622575.808,434115.881,grass,sod
18098a,18098a18,fly,0:00:10,na,na,air,sod
18098a,18098a19,rest,0:00:30,4622616.677,434117.882,grass,sod
18098a,18098a20,fly,0:00:10,na,na,air,sod
18098a,18098a21,fly,0:00:01,4622665.849,434097.73,air,sod
18099a,18099a01,release,0:00:20,4622514.661,434082.993,vegetative blazing star,sod
18099a,18099a02,fly,0:00:20,na,na,air,sod
18099a,18099a03,fly,0:00:01,4622534.763,434067.311,air,sod
18099a,18099a04,fly,0:00:20,na,na,air,na
18099a,18099a05,fly,0:00:01,4622547.563,434039.226,air,sod
18099a,18099a06,fly,0:00:20,na,na,air,sod
18099a,18099a07,fly,0:00:01,4622531.702,434001.18,air,sod
18099a,18099a08,fly,0:00:20,na,na,air,na
18099a,18099a09,fly,0:00:01,4622518.807,433959.746,air,sod
18099a,18099a10,fly,0:00:20,na,na,air,sod
18099a,18099a11,fly,0:00:01,4622519.44,433925.809,air,edge
18100a,18100a01,release,0:15:00,4667945.268,612170.257,vegetative blazing star,sod
18105a,18105a01,release,0:25:00,4667945.268,612170.257,vegetative blazing star,sod
18105b,18105b01,release,0:03:23,4667945.319,612176.17,vegetative blazing star,sod
18105b,18105b02,fly,0:00:01,na,na,air,sod
18105b,18105b03,rest,0:00:12,4667953.105,612179.683,grass,sod
18105b,18105b04,fly,0:00:01,na,na,air,sod
18105b,18105b05,rest,0:00:12,4667957.024,612180.369,grass,sod
18105b,18105b06,fly,0:00:01,na,na,air,sod
18105b,18105b07,rest,0:03:00,4667967.57,612183.798,grass,sod
18105b,18105b08,fly,0:00:17,na,na,air,sod
18105b,18105b09,rest,0:02:00,4667974.728,612189.214,grass,sod
18105b,18105b10,fly,0:00:03,na,na,air,sod
18105b,18105b11,rest,0:06:00,4667986.624,612200.162,grass,sod
18106a,18106a01,release,0:15:00,4667945.268,612170.257,vegetative blazing star,sod
18106b,18106b01,release,0:00:37,4667945.319,612176.17,vegetative blazing star,sod
18106b,18106b02,fly,0:00:01,na,na,air,sod
18106b,18106b03,rest,0:01:00,4667945.607,612176.149,grass,sod
18106b,18106b04,fly,0:00:01,na,na,air,sod
18106b,18106b05,rest,0:00:26,4667948.536,612173.513,grass,sod
18106b,18106b06,fly,0:00:01,na,na,air,sod
18106b,18106b07,rest,0:00:11,4667953.756,612172.846,grass,sod
18106b,18106b08,fly,0:00:01,na,na,air,sod
18106b,18106b09,rest,0:00:46,4667957.75,612173.939,grass,sod
18106b,18106b10,fly,0:00:01,na,na,air,sod
18106b,18106b11,rest,0:00:33,4667960.575,612172.582,grass,sod
18106b,18106b12,fly,0:00:01,na,na,air,sod
18106b,18106b13,rest,0:01:09,4667960.079,612168.535,grass,sod
18106b,18106b14,fly,0:00:03,na,na,air,sod
18106b,18106b15,rest,0:01:00,4667977.934,612143.685,grass,sod
18106b,18106b16,fly,0:00:03,na,na,air,sod
18106b,18106b17,fly,0:00:01,4668001.858,612129.317,air,sod
18111a,18111a01,release,0:00:05,4667945.268,612170.257,vegetative blazing star,sod
18111a,18111a02,fly,0:00:03,na,na,air,sod
18111a,18111a03,rest,0:00:01,4667995.413,612157.901,grass,sod
18111b,18111b01,release,0:01:30,4667945.268,612170.257,vegetative blazing star,sod
18111b,18111b02,fly,0:00:03,na,na,air,sod
18111b,18111b03,fly,0:00:01,4667952.529,612160.288,air,sod
18111c,18111c01,release,0:03:00,4667945.268,612170.257,vegetative blazing star,sod
18111c,18111c02,fly,0:00:03,na,na,air,sod
18111c,18111c03,fly,0:00:01,4667982.061,612168.087,air,sod
18113a,18113a01,release,0:01:50,4667945.319,612176.17,vegetative blazing star,sod
18113a,18113a02,fly,0:02:00,na,na,air,sod
18113a,18113a03,fly,0:00:01,4667979.83,612163.206,air,sod
18113a,18113a04,fly,0:02:00,na,na,air,sod
18113a,18113a05,fly,0:00:01,4667990.845,612179.705,air,sod
18113b,18113b01,release,0:10:00,4667945.319,612176.17,vegetative blazing star,sod
18113b,18113b02,fly,0:00:20,na,na,air,sod
18113b,18113b03,fly,0:00:01,4667953.234,612227.788,air,sod
18113b,18113b04,fly,0:00:20,na,na,air,sod
18113b,18113b05,fly,0:00:01,4667949.936,612225.437,air,sod
18118a,18118a01,release,0:01:40,4667945.268,612170.257,vegetative blazing star,sod
18118a,18118a02,fly,0:00:03,na,na,air,sod
18118a,18118a03,fly,0:00:01,4667960.64,612090.339,air,sod
18119a,18119a01,release,0:10:00,4667945.319,612176.17,vegetative blazing star,sod
18121a,18121a01,release,0:12:50,4667945.319,612176.17,vegetative blazing star,sod
18121a,18121a02,fly,0:00:03,na,na,air,sod
18121a,18121a03,rest,0:07:00,4667945.844,612175.116,grass,sod
18122a,18122a01,release,0:01:10,4667945.319,612176.17,vegetative blazing star,sod
18122a,18122a02,fly,0:00:03,na,na,air,sod
18122a,18122a03,rest,0:02:00,4667945.324,612175.616,grass,sod
18122a,18122a04,fly,0:00:03,na,na,air,sod
18122a,18122a05,rest,0:12:00,4667947.351,612176.645,grass,sod
18123a,18123a01,release,0:09:00,4667945.319,612176.17,vegetative blazing star,sod
18123a,18123a02,fly,0:00:30,na,na,air,sod
18123a,18123a03,fly,0:00:01,4668079.212,612107.32,air - cross edge,edge
18123a,18123a04,fly,0:00:30,na,na,air,soy
18123a,18123a05,fly,0:00:01,4668125.48,612091.143,air - lost,soy
18124a,18124a01,release,0:15:00,4622500.413,434078.607,vegetative blazing star,sod
18125a,18125a01,release,0:00:45,4622502.952,434077.732,vegetative blazing star,sod
18125a,18125a02,fly,0:00:03,na,na,air,sod
18125a,18125a03,rest,0:01:15,4622522.517,434079.244,grass,sod
18125a,18125a04,fly,0:00:03,na,na,air,sod
18125a,18125a05,rest,0:01:00,4622529.001,434080.234,grass,sod
18125a,18125a06,fly,0:00:03,na,na,air,sod
18125a,18125a07,rest,0:00:01,4622541.487,434084.185,grass,sod
18126a,18126a01,release,0:00:44,4622500.413,434078.607,vegetative blazing star,sod
18126a,18126a02,fly,0:00:03,na,na,air,sod
18126a,18126a03,rest,0:01:00,4622502.085,434077.835,grass,sod
18126a,18126a04,fly,0:00:03,na,na,air,sod
18126a,18126a05,rest,0:00:50,4622505.319,434077.702,grass,sod
18126a,18126a06,fly,0:00:03,na,na,air,sod
18126a,18126a07,rest,0:03:30,4622506.568,434078.388,grass,sod
18126a,18126a08,fly,0:00:03,na,na,air,sod
18126a,18126a09,rest,0:02:15,4622510.639,434077.387,grass,sod
18127a,18127a01,release,0:15:00,4622502.952,434077.732,vegetative blazing star,sod
18128a,18128a01,release,0:01:25,4622500.413,434078.607,vegetative blazing star,sod
18128a,18128a02,fly,0:00:03,na,na,air,sod
18128a,18128a03,rest,0:01:15,4622498.133,434076.363,grass,sod
18128a,18128a04,fly,0:00:25,na,na,air,sod
18128a,18128a05,fly,0:00:01,4622473.475,434095.732,air,sod
18129a,18129a01,release,0:00:10,4622502.952,434077.732,vegetative blazing star,sod
18129a,18129a02,fly,0:00:03,na,na,air,sod
18129a,18129a03,rest,0:01:30,4622503.147,434075.254,grass,sod
18129a,18129a04,fly,0:01:30,na,na,air,sod
18129a,18129a05,rest,0:00:01,4622590.761,434109.941,grass berm,edge
18131a,18131a01,release,0:01:45,4622500.413,434078.607,vegetative blazing star,sod
18131a,18131a02,fly,0:00:03,na,na,air,sod
18131a,18131a03,rest,0:06:30,4622488.183,434087.62,grass,sod
18131a,18131a04,fly,0:00:45,na,na,air,sod
18131a,18131a05,fly,0:00:01,4622555.587,433923.566,air - cross edge,edge
18131a,18131a06,fly,0:36:00,na,na,air,soy
18131a,18131a07,fly,0:00:01,4622766.907,433946.989,air - lost,corn
18133a,18133a01,release,0:00:10,4622500.413,434078.607,vegetative blazing star,sod
18133a,18133a02,fly,0:00:03,na,na,air,sod
18133a,18133a03,rest,0:01:30,4622501.597,434076.677,grass,sod
18133a,18133a04,fly,0:00:03,na,na,air,sod
18133a,18133a05,fly,0:00:01,4622465.166,434088.779,air,sod
18134a,18134a01,release,0:05:08,4667940.73,612196.735,vegetative blazing star,sod
18134a,18134a02,fly,0:00:32,na,na,air,sod
18134a,18134a03,134-2,0:00:12,4667923.776,612203.642,grass,sod
18134a,18134a04,fly,0:00:50,na,na,air,sod
18134a,18134a05,fly,0:00:01,4667786.673,612139.253,air,sod
18135a,18135a01,release,0:13:00,4667940.73,612196.735,vegetative blazing star,sod
18135a,18135a02,fly,0:00:03,na,na,air,sod
18135a,18135a03,rest,0:01:30,4667940.197,612197.037,grass,sod
18135a,18135a04,fly,0:00:03,na,na,air,sod
18135a,18135a05,rest,0:00:30,4667934.01,612196.499,grass,sod
18137a,18137a01,release,0:15:00,4622502.952,434077.732,vegetative blazing star,sod
18138a,18138a01,release,0:03:00,4622502.952,434077.732,vegetative blazing star,sod
18138a,18138a02,fly,0:00:03,na,na,air,sod
18138a,18138a03,rest,0:03:00,4622503.475,434076.819,grass,sod
18138a,18138a04,fly,0:00:03,na,na,air,sod
18138a,18138a05,rest,0:01:00,4622505.8,434077.68,grass,sod
18138a,18138a06,fly,0:00:03,na,na,air,sod
18138a,18138a07,rest,0:00:30,4622505.33,434074.712,grass,sod
18138a,18138a08,fly,0:00:03,na,na,air,sod
18138a,18138a09,rest,0:00:30,4622505.647,434068.497,grass,sod
18138a,18138a10,fly,0:00:03,na,na,air,sod
18138a,18138a11,rest,0:00:01,4622508.698,434064.662,grass,sod
18138a,18138a12,fly,0:00:03,na,na,air,sod
18138a,18138a13,rest,0:09:00,4622506.078,434063.839,grass,sod
18139a,18139a01,release,0:15:00,4622502.952,434077.732,vegetative blazing star,sod
18139a,18139a02,fly,0:00:03,na,na,air,sod
18139a,18139a03,rest,0:00:01,4622556.344,434071.661,grass,sod
18140a,18140a01,release,0:01:00,4622502.952,434077.732,vegetative blazing star,sod
18140a,18140a02,fly,0:00:03,na,na,air,sod
18140a,18140a03,rest,0:03:00,4622504.095,434077.755,grass,sod
18140a,18140a04,fly,0:00:03,na,na,air,sod
18140a,18140a05,rest,0:10:00,4622505.34,434080.092,grass,sod
18141a,18141a01,release,0:01:00,4622502.952,434077.732,vegetative blazing star,sod
18141a,18141a02,fly,0:00:03,na,na,air,sod
18141a,18141a03,rest,0:01:00,4622501.331,434072.428,grass,sod
18141a,18141a04,fly,0:00:03,na,na,air,sod
18141a,18141a05,rest,0:00:01,4622502.798,434055.047,grass,sod
18142a,18142a01,release,0:02:09,4622500.413,434078.607,vegetative blazing star,sod
18142a,18142a02,fly,0:00:11,na,na,air,sod
18142a,18142a03,feed,0:00:01,"4,622,495.56","434,078.18",resources: blazing star,sod
18143a,18143a01,release,0:00:19,4667940.73,612196.735,vegetative blazing star,sod
18143a,18143a02,fly,0:00:03,na,na,air,sod
18143a,18143a03,rest,0:02:00,4667939.394,612197.419,grass,sod
18143a,18143a04,fly,0:00:03,na,na,air,sod
18143a,18143a05,rest,0:00:40,4667935.33,612197.35,grass,sod
18143a,18143a06,fly,0:00:03,na,na,air,sod
18143a,18143a07,rest,0:00:10,4667934.947,612208.064,grass,sod
18143a,18143a08,fly,0:00:10,na,na,air,sod
18143a,18143a09,rest,0:00:50,4667910.346,612220.015,grass,sod
18143a,18143a10,fly,0:00:03,na,na,air,sod
18143a,18143a11,rest,0:00:10,4667903.641,612219.532,grass,sod
18143a,18143a12,fly,0:00:03,na,na,air,sod
18143a,18143a13,rest,0:00:15,4667891.437,612228.101,grass,sod
18143a,18143a14,fly,0:00:03,na,na,air,sod
18143a,18143a15,fly,0:00:01,4667852.482,612253.882,air,sod
18144a,18144a01,release,0:15:00,4622500.413,434078.607,vegetative blazing star,sod
18144a,18144a02,fly,0:00:03,na,na,air,sod
18144a,18144a03,fly,0:00:01,4622546.444,434075.75,air,sod
18145a,18145a01,release,0:06:00,4667940.73,612196.735,vegetative blazing star,sod
18145a,18145a02,fly,0:01:00,na,na,air,sod
18145a,18145a03,fly,0:00:01,4667687.093,612382.164,air - cross edge,edge
18146a,18146a01,release,0:00:12,4667940.73,612196.735,vegetative blazing star,sod
18146a,18146a02,fly,0:00:50,na,na,air,sod
18146a,18146a03,fly,0:00:01,4667684.65,612307.825,air - cross edge,edge
18146a,18146a04,fly,0:01:12,na,na,air,edge
18146a,18146a05,fly,0:00:01,4667284.295,612515.328,air - cross telephone line,edge
18147a,18147a01,release,0:01:04,4667940.73,612196.735,vegetative blazing star,sod
18147a,18147a02,fly,0:00:16,na,na,air,sod
18147a,18147a03,rest,0:03:00,4667925.169,612251.837,air,sod
18147a,18147a04,fly,0:00:30,na,na,air,sod
18147a,18147a05,catch,0:00:01,4667781.47,612383.386,air,sod
18147b,18147b01,release,0:15:00,4667941.866,612195.904,vegetative blazing star,sod
18148a,18148a01,release,0:00:30,4667940.73,612196.735,vegetative blazing star,sod
18148a,18148a02,fly,0:00:03,na,na,air,sod
18148a,18148a03,rest,0:01:15,4667940.372,612197.453,grass,sod
18148a,18148a04,fly,0:00:12,na,na,air,sod
18148a,18148a05,fly,0:00:01,4667683.15,612257.903,air - cross edge,edge
18148a,18148a06,fly,0:00:11,na,na,air,sod
18148a,18148a07,fly,0:00:01,4667483.615,612436.624,lost - last visual,sod
18149a,18149a01,release,0:00:13,4667940.73,612196.735,vegetative blazing star,sod
18149a,18149a02,fly,0:00:45,na,na,air,sod
18149a,18149a03,fly,0:00:01,4667686.254,612329.556,air - cross edge,edge
18149a,18149a04,fly,0:01:00,na,na,air,sod
18149a,18149a05,fly,0:00:01,4667276.577,612543.165,lost - last visual,edge
18150a,18150a01,release,0:00:30,4667940.73,612196.735,vegetative blazing star,sod
18150a,18150a02,fly,0:00:03,na,na,air,sod
18150a,18150a03,rest,0:02:00,4667933.995,612197.312,grass,sod
18150a,18150a04,fly,0:00:03,na,na,air,sod
18150a,18150a05,rest,0:01:30,4667938.105,612195.912,grass,sod
18150a,18150a06,fly,0:00:20,na,na,air,sod
18150a,18150a07,rest,0:02:30,4667911.546,612213.608,grass,sod
18150a,18150a08,fly,0:00:15,na,na,air,sod
18150a,18150a09,fly,0:00:01,4667894.512,612291.642,air,sod
18152a,18152a01,release,0:15:00,4667941.866,612195.904,vegetative blazing star,sod
18152b,18152b01,release,0:05:50,4667941.866,612195.904,vegetative blazing star,sod
18152b,18152b02,fly,0:00:03,na,na,air,sod
18152b,18152b03,rest,0:13:00,4667939.861,612196.824,grass,sod
18152b,18152b04,fly,0:00:03,na,na,air,sod
18152b,18152b05,fly,0:00:01,4667935.928,612204.805,air,sod
18153a,18153a01,release,0:02:13,4667941.866,612195.904,vegetative blazing star,sod
18153a,18153a02,fly,0:00:03,na,na,air,sod
18153a,18153a03,rest,0:00:45,4667939.781,612196.624,grass,sod
18153a,18153a04,fly,0:00:03,na,na,air,sod
18153a,18153a05,rest,0:00:40,4667915.705,612162.686,grass,sod
18153a,18153a06,fly,0:00:30,na,na,air,sod
18153a,18153a07,rest,0:02:10,4667925.696,612150.264,grass,sod
18153a,18153a08,fly,0:00:20,na,na,air,sod
18153a,18153a09,rest,0:00:20,4667901.92,612122.674,grass,sod
18153a,18153a10,fly,0:00:03,na,na,air,sod
18153a,18153a11,rest,0:01:00,4667898.493,612130.66,grass,sod
18153a,18153a12,fly,0:00:30,na,na,air,sod
18153a,18153a13,fly,0:00:01,4667785.476,612142.574,air,sod
18154a,18154a01,release,0:15:00,4667941.866,612195.904,vegetative blazing star,sod
18159a,18159a01,release,0:15:00,4667941.866,612195.904,vegetative blazing star,sod
18161a,18161a01,release,0:10:00,4622527.192,434082.332,vegetative blazing star,sod
18161a,18161a02,fly,0:00:30,na,na,air,sod
18161a,18161a03,fly,0:00:01,4622521.106,434102.854,air - cross berm,sod
18161a,18161a04,fly,0:00:30,na,na,air,sod
18161a,18161a05,rest,0:00:01,4622483.057,434215.701,berm,sod
18162a,18162a01,release,0:05:00,4622527.192,434082.332,vegetative blazing star,sod
18162a,18162a02,fly,0:01:20,na,na,air,sod
18162a,18162a03,fly,0:00:01,4622478.635,434096.977,air - cross berm,sod
18162a,18162a04,fly,0:01:20,na,na,air,sod
18162a,18162a05,fly,0:00:01,4622417.047,434128.87,air - cross berm,sod
18162a,18162a06,fly,0:01:20,na,na,air,sod
18162a,18162a07,fly,0:00:01,4622354.895,434150.587,air - cross edge,edge
18163a,18163a01,release,0:15:00,4622527.192,434082.332,vegetative blazing star,sod
18164a,18164a01,release,0:00:30,4622527.192,434082.332,vegetative blazing star,sod
18164a,18164a02,fly,0:00:03,na,na,air,sod
18164a,18164a03,rest,0:00:30,4622524.48,434082.923,grass,sod
18164a,18164a04,fly,0:00:03,na,na,air,sod
18164a,18164a05,rest,0:00:30,4622440.379,434051.979,berm,sod
18164a,18164a06,fly,0:00:03,na,na,air,sod
18164a,18164a07,rest,0:00:30,4622438.625,434053.901,berm,sod
18164a,18164a08,fly,0:00:03,na,na,air,sod
18164a,18164a09,fly,0:00:01,4622371.806,434024.553,air,sod
18165a,18165a01,release,0:15:00,4622527.192,434082.332,vegetative blazing star,sod
18166a,18166a01,release,0:04:00,4622527.192,434082.332,vegetative blazing star,sod
18166a,18166a02,fly,0:01:00,na,na,air,sod
18166a,18166a03,fly,0:00:01,4622476.423,434096.545,air - cross berm,sod
18166a,18166a04,fly,0:01:00,na,na,air,sod
18166a,18166a05,fly,0:00:01,4622357.361,434109.858,air - cross edge,edge
18166a,18166a06,fly,0:01:00,na,na,air,soy
18166a,18166a07,rest,0:00:01,4622235.828,434073.194,soy,soy
18167a,18167a01,release,0:15:00,4622527.192,434082.332,vegetative blazing star,sod
18168a,18168a01,release,0:01:00,4622527.192,434082.332,vegetative blazing star,sod
18168a,18168a02,fly,0:02:00,na,na,air,sod
18168a,18168a03,fly,0:00:01,4622509.683,434100.624,air - cross berm,sod
18168a,18168a04,fly,0:02:00,na,na,air,na
18168a,18168a05,fly,0:00:01,4622357.565,434101.294,air,na
18169a,18169a01,release,0:01:00,4622527.192,434082.332,vegetative blazing star,sod
18169a,18169a02,fly,0:00:30,na,na,air,sod
18169a,18169a03,fly,0:00:01,4622357.587,434089.688,air - cross edge,edge
18169a,18169a04,fly,0:00:30,na,na,air,soy
18169a,18169a05,rest,0:00:30,4622267.184,434079.09,soy,soy
18169a,18169a06,fly,0:00:30,na,na,air,corn
18169a,18169a07,rest,0:00:01,4622264.562,434057.846,corn,corn
18170a,18170a01,release,0:00:30,4622527.192,434082.332,vegetative blazing star,sod
18170a,18170a02,fly,0:00:03,na,na,air,sod
18170a,18170a03,rest,0:00:30,4622525.572,434082.103,grass,sod
18170a,18170a04,fly,0:00:30,na,na,air,sod
18170a,18170a05,fly,0:00:01,4622509.798,434100.532,air,sod
18170a,18170a06,fly,0:00:30,na,na,air,sod
18170a,18170a07,rest,0:00:30,4622520.234,434141.892,berm,sod
18170a,18170a08,fly,0:00:30,na,na,air,sod
18170a,18170a09,rest,0:00:01,4622531.639,434144.549,berm,sod
18171a,18171a01,release,0:02:00,4622527.192,434082.332,vegetative blazing star,sod
18171a,18171a02,fly,0:01:00,na,na,air,sod
18171a,18171a03,fly,0:00:01,4622505.184,434099.909,air - cross berm,sod
18171a,18171a04,fly,0:01:00,na,na,air,sod
18171a,18171a05,rest,0:01:30,4622476.897,434134.251,berm,sod
18171a,18171a06,fly,0:00:03,na,na,air,sod
18171a,18171a07,rest,0:00:01,4622407.501,434165.469,grass,sod
18172a,18172a01,release,0:15:00,4622527.192,434082.332,vegetative blazing star,sod
18173a,18173a01,release,0:15:00,4622507.88,434018.719,vegetative blazing star,sod
18174a,18174a01,release,0:01:00,4622507.88,434018.719,vegetative blazing star,sod
18174a,18174a02,fly,0:00:03,na,na,air,sod
18174a,18174a03,rest,0:10:00,4622494.692,434054.5,grass,sod
18174a,18174a04,fly,0:00:30,na,na,air,sod
18174a,18174a05,fly,0:00:01,4622538.067,434103.877,air - cross berm,sod
18174a,18174a06,fly,0:00:30,na,na,air,sod
18174a,18174a07,fly,0:00:01,4622513.492,434140.871,air - cross berm,sod
18174a,18174a08,fly,0:00:30,na,na,air,sod
18174a,18174a09,fly,0:00:01,4622291.22,434386.512,air - lost,na
18175a,18175a01,release,0:03:00,4622507.88,434018.719,vegetative blazing star,sod
18175a,18175a02,fly,0:00:03,na,na,air,sod
18175a,18175a03,rest,0:02:00,4622494.743,434042.733,grass,sod
18175a,18175a04,fly,0:00:30,na,na,air,sod
18175a,18175a05,fly,0:00:01,4622457.008,434094.004,air - cross berm,sod
18175a,18175a06,fly,0:00:30,na,na,air,sod
18175a,18175a07,fly,0:00:01,4622425.502,434168.631,air - cross berm,sod
18175a,18175a08,fly,0:00:30,na,na,air,sod
18175a,18175a09,fly,0:00:01,4622407.383,434245.858,air - lost,na
18176a,18176a01,release,0:02:00,4622507.88,434018.719,vegetative blazing star,sod
18176a,18176a02,fly,0:00:03,na,na,air,sod
18176a,18176a03,rest,0:01:00,4622507.765,434021.514,grass,sod
18176a,18176a04,fly,0:00:03,na,na,air,sod
18176a,18176a05,rest,0:04:00,4622508.524,434028.087,grass,sod
18176a,18176a06,fly,0:00:03,na,na,air,sod
18176a,18176a07,rest,0:10:00,4622505.331,434047.289,grass,sod
18176a,18176a08,fly,0:00:03,na,na,air,sod
18176a,18176a09,rest,0:00:01,4622498.496,434060.401,berm,sod
18177a,18177a01,release,0:02:00,4622507.88,434018.719,vegetative blazing star,sod
18177a,18177a02,fly,0:02:00,na,na,air,sod
18177a,18177a03,fly,0:00:01,4622263.999,434320.326,air - lost,na
18178a,18178a01,release,0:01:00,4622507.88,434018.719,vegetative blazing star,sod
18178a,18178a02,fly,0:00:03,na,na,air,sod
18178a,18178a03,rest,0:05:00,4622493.002,434063.768,grass,sod
18178a,18178a04,fly,0:00:03,na,na,air,sod
18178a,18178a05,rest,0:00:01,4622501.258,434061.265,grass,sod
18179a,18179a01,release,0:01:00,4622507.88,434018.719,vegetative blazing star,sod
18179a,18179a02,fly,0:00:30,na,na,air,sod
18179a,18179a03,fly,0:00:01,4622488.699,434057.911,air - cross berm,sod
18179a,18179a04,fly,0:00:30,na,na,air,sod
18179a,18179a05,fly,0:00:01,4622442.981,434173.33,air - lost,sod
18180a,18180a01,release,0:01:00,4622507.88,434018.719,vegetative blazing star,sod
18180a,18180a02,fly,0:00:03,na,na,air,sod
18180a,18180a03,rest,0:01:00,4622503.134,434071.53,grass,sod
18180a,18180a04,fly,0:00:03,na,na,air,sod
18180a,18180a05,rest,0:00:01,4622510.562,434098.141,grass,sod
18181a,18181a01,release,0:00:03,4622507.88,434018.719,vegetative blazing star,sod
18181a,18181a02,fly,0:01:00,na,na,air,sod
18181a,18181a03,fly,0:00:01,4622480.503,434096.715,air - cross berm,sod
18181a,18181a04,fly,0:01:00,na,na,air,sod
18181a,18181a05,fly,0:00:01,4622434.278,434169.568,air - cross berm,sod
18181a,18181a06,fly,0:03:00,na,na,air,sod
18181a,18181a07,rest,0:00:01,4622279.457,434357.929,grass,sod
18190a,18190a01,release,0:10:44,4667964.808,612187.161,vegetative blazing star,sod
18190a,18190a02,fly,0:00:03,na,na,air,sod
18190a,18190a03,rest,0:00:10,4667967.268,612190.746,grass,sod
18190a,18190a04,fly,0:00:03,na,na,air,sod
18190a,18190a05,rest,0:00:35,4667964.808,612187.161,vegetative blazing star,sod
18190a,18190a06,fly,0:00:03,na,na,air,sod
18190a,18190a07,feed,0:00:03,4667965.41,612156.149,potted blazing star,sod
18190a,18190a08,fly,0:00:03,na,na,air,sod
18190a,18190a09,fly,0:00:01,4667966.349,612141.119,air,sod
18191a,18191a01,release,0:14:50,4667964.808,612187.161,vegetative blazing star,sod
18191a,18191a02,fly,0:00:03,na,na,air,sod
18191a,18191a03,fly,0:00:01,4667969.595,612185.655,air,sod
18192a,18192a01,release,0:10:28,4667964.808,612187.161,vegetative blazing star,sod
18192a,18192a02,fly,0:00:03,na,na,air,sod
18192a,18192a03,feed,0:00:05,4667965.275,612156.608,potted blazing star,sod
18192a,18192a04,fly,0:00:01,na,na,air,sod
18192a,18192a05,feed,0:00:15,4667965.275,612156.608,potted blazing star,sod
18192a,18192a06,fly,0:00:01,na,na,air,sod
18192a,18192a07,rest,0:00:45,4667965.275,612156.608,grass,sod
18192a,18192a08,fly,0:00:30,na,na,air,sod
18192a,18192a09,rest,0:00:01,4667956.451,612166.098,grass,sod
18193a,18193a01,release,0:15:00,4667964.808,612187.161,vegetative blazing star,sod
18194a,18194a01,release,0:15:00,4667964.808,612187.161,vegetative blazing star,sod
18195a,18195a01,release,0:06:33,4667964.808,612187.161,vegetative blazing star,sod
18195a,18195a02,fly,0:00:03,na,na,air,sod
18195a,18195a03,rest,0:01:45,4667964.884,612188.368,grass,sod
18195a,18195a04,fly,0:00:03,na,na,air,sod
18195a,18195a05,rest,0:01:30,4667963.256,612182.744,grass,sod
18195a,18195a06,fly,0:00:03,na,na,air,sod
18195a,18195a07,rest,0:00:15,4667967.573,612183.897,grass,sod
18195a,18195a08,fly,0:00:03,na,na,air,sod
18195a,18195a09,rest,0:01:40,4667965.119,612187.968,grass,sod
18195a,18195a10,fly,0:00:03,na,na,air,sod
18195a,18195a11,rest,0:00:01,4667967.86,612199.539,grass,sod
18196a,18196a01,release,0:02:00,4667964.808,612187.161,vegetative blazing star,sod
18196a,18196a02,fly,0:00:18,na,na,air,sod
18196a,18196a03,feed,0:00:01,4667967.703,612191.424,resources: blazing star,sod
18197a,18197a01,release,0:10:00,4667964.808,612187.161,vegetative blazing star,sod
18198a,18198a01,release,0:04:53,4667964.808,612187.161,vegetative blazing star,sod
18198a,18198a02,fly,0:00:03,na,na,air,sod
18198a,18198a03,rest,0:00:01,4667965.509,612187.463,grass,sod
18199a,18199a01,release,0:06:55,4667964.808,612187.161,vegetative blazing star,sod
18199a,18199a02,fly,0:00:03,na,na,air,sod
18199a,18199a03,rest,0:00:07,4667965.134,612187.39,grass,sod
18199a,18199a04,fly,0:00:03,na,na,air,sod
18199a,18199a05,rest,0:00:11,4667968.513,612190.404,grass,sod
18199a,18199a06,fly,0:00:30,na,na,air,sod
18199a,18199a07,fly,0:00:01,4667939.975,612187.462,air,sod
18200a,18200a01,release,0:00:34,4667964.808,612187.161,vegetative blazing star,sod
18200a,18200a02,fly,0:01:25,na,na,air,sod
18200a,18200a03,fly,0:00:01,4667802.882,612046.85,air,sod
18203a,18203a01,release,0:06:00,4622515.476,433995.11,vegetative blazing star,sod
18203a,18203a02,fly,0:00:03,na,na,air,sod
18203a,18203a03,rest,0:01:00,4622514.549,433995.714,grass,sod
18203a,18203a04,fly,0:00:03,na,na,air,sod
18203a,18203a05,rest,0:02:00,4622531.409,434101.722,grass,sod
18203a,18203a06,fly,0:00:03,na,na,air,sod
18203a,18203a07,fly,0:00:01,4622472.791,434157.092,air,sod
18204a,18204a01,release,0:05:00,4622515.476,433995.11,vegetative blazing star,sod
18204a,18204a02,fly,0:00:20,na,na,air,sod
18204a,18204a03,rest,0:00:05,4622515.842,433994.459,grass,sod
18204a,18204a04,fly,0:00:20,na,na,air,sod
18204a,18204a05,rest,0:00:01,4622527.701,433983.107,grass,sod
18204a,18204a06,fly,0:00:20,na,na,air,sod
18204a,18204a07,feed,0:00:01,4622583.548,433962.027,resources: blazing star,sod
18205a,18205a01,release,0:00:30,4622515.476,433995.11,vegetative blazing star,sod
18205a,18205a02,fly,0:00:03,na,na,air,sod
18205a,18205a03,rest,0:00:30,4622515.921,433994.83,grass,sod
18205a,18205a04,fly,0:00:03,na,na,air,sod
18205a,18205a05,rest,0:01:00,4622516.288,433993.379,grass,sod
18205a,18205a06,fly,0:00:03,na,na,air,sod
18205a,18205a07,rest,0:00:01,4622516.126,433998.841,grass,sod
18206a,18206a01,release,0:12:00,4622515.476,433995.11,vegetative blazing star,sod
18206a,18206a02,fly,0:00:30,na,na,air,sod
18206a,18206a03,fly,0:00:01,4622475.561,433918.798,air - cross edge,edge
18206a,18206a04,fly,0:00:30,na,na,air,soy
18206a,18206a05,rest,0:00:01,4622476.95,433871.17,soy,soy
18206a,18206a06,fly,0:00:30,na,na,air,soy
18206a,18206a07,fly,0:00:01,4622476.842,433851.828,air - lost sight,soy
18207a,18207a01,release,0:15:00,4622515.476,433995.11,vegetative blazing star,sod
18208a,18208a01,release,0:00:03,4622515.476,433995.11,vegetative blazing star,sod
18208a,18208a02,fly,0:00:03,na,na,air,sod
18208a,18208a03,rest,0:00:15,4622516.171,433994.18,grass,sod
18208a,18208a04,fly,0:00:03,na,na,air,sod
18208a,18208a05,rest,0:00:45,4622567.741,434001.031,grass,sod
18208a,18208a06,fly,0:00:30,na,na,air,sod
18208a,18208a07,fly,0:00:01,4622603.049,434054.057,air,sod
18208a,18208a08,fly,0:00:30,na,na,air,sod
18208a,18208a09,fly,0:00:01,4622365.359,433969.313,air,sod
18209a,18209a01,release,0:01:00,4622515.476,433995.11,vegetative blazing star,sod
18209a,18209a02,fly,0:00:30,na,na,air,sod
18209a,18209a03,fly,0:00:01,4622369.679,433972.623,air - cross edge,sod
18210a,18210a01,release,0:00:03,4622515.476,433995.11,vegetative blazing star,sod
18210a,18210a02,fly,0:00:03,na,na,air,sod
18210a,18210a03,rest,0:05:00,4622515.187,433985.882,grass,sod
18210a,18210a04,fly,0:00:30,na,na,air,sod
18210a,18210a05,fly,0:00:01,4622511.113,433919.494,air - cross edge,sod
18210a,18210a06,fly,0:00:30,na,na,air,sod
18210a,18210a07,fly,0:00:01,4622513.415,433840.619,air - lost,sod
18211a,18211a01,release,0:00:03,4622515.476,433995.11,vegetative blazing star,sod
18211a,18211a02,fly,0:00:03,na,na,air,sod
18211a,18211a03,rest,0:05:00,4622509.971,433990.112,grass,sod
18211a,18211a04,fly,0:02:00,na,na,air,sod
18211a,18211a05,rest,0:00:01,4622381.016,433919.187,vegetation,edge
18212a,18212a01,release,0:01:00,4622515.476,433995.11,vegetative blazing star,sod
18212a,18212a02,fly,0:00:03,na,na,air,sod
18212a,18212a03,fly,0:01:00,4622515.342,433995.821,air - cross berm,sod
18212a,18212a04,fly,0:00:30,na,na,air,sod
18212a,18212a05,rest,0:00:01,4622454.95,434056.09,grass,sod
18212a,18212a06,fly,0:00:30,na,na,air,sod
18212a,18212a07,rest,0:10:00,4622431.723,434065.304,grass,sod
